chapter_name,sentence_number,token_number,word,lemma,part-of-speech,syntax,cue,scope,event,pred,error_type,error_category
circle01,167_1,0,The,The,DT,(S(NP*,_,The,_,The,_,SC_not_MC
circle01,167_1,1,mysterious,mysterious,JJ,*,_,mysterious,_,mysterious,_,SC_not_MC
circle01,167_1,2,one,one,NN,*),_,one,_,one,_,SC_not_MC
circle01,167_1,3,could,could,MD,(VP*,_,_,_,could,FP,SC_not_MC
circle01,167_1,4,understand,understand,VB,(VP*,_,_,_,understand,FP,SC_not_MC
circle01,167_1,5,English,English,NNP,(NP*),_,_,_,_,_,SC_not_MC
circle01,167_1,6,",",",",",",*,_,_,_,_,_,SC_not_MC
circle01,167_1,7,even,even,RB,(SBAR*,_,_,_,_,_,SC_not_MC
circle01,167_1,8,if,if,IN,*,_,_,_,_,_,SC_not_MC
circle01,167_1,9,he,he,PRP,(S(NP*),_,_,_,he,FP,SC_not_MC
circle01,167_1,10,could,could,MD,(VP*,_,could,_,could,_,SC_not_MC
circle01,167_1,11,not,not,RB,*,not,_,_,_,_,SC_not_MC
circle01,167_1,12,print,print,VBP,(VP*,_,print,_,print,_,SC_not_MC
circle01,167_1,13,it,it,PRP,(NP*))))))),_,it,_,it,_,SC_not_MC
circle01,167_1,14,.,.,.,*),_,_,_,_,_,SC_not_MC
circle01,140_1,0,I,I,PRP,(S(NP*),_,_,_,_,_,Wrong_subj
circle01,140_1,1,can,can,MD,(VP*,_,_,_,_,_,Wrong_subj
circle01,140_1,2,imagine,imagine,VB,(VP*,_,_,_,_,_,Wrong_subj
circle01,140_1,3,that,that,IN,(SBAR*,_,_,_,_,_,Wrong_subj
circle01,140_1,4,the,the,DT,(S(NP*,_,_,_,_,_,Wrong_subj
circle01,140_1,5,word,word,NN,*),_,_,_,_,_,Wrong_subj
circle01,140_1,6,was,be,VBD,(VP*,_,_,_,_,_,Wrong_subj
circle01,140_1,7,taken,take,VBN,(VP*,_,_,_,_,_,Wrong_subj
circle01,140_1,8,out,out,IN,(PP*,_,_,_,_,_,Wrong_subj
circle01,140_1,9,of,of,IN,(PP*,_,_,_,_,_,Wrong_subj
circle01,140_1,10,a,a,DT,(NP(NP*,_,_,_,_,_,Wrong_subj
circle01,140_1,11,dictionary,dictionary,NNP,*),_,_,_,_,_,Wrong_subj
circle01,140_1,12,",",",",",",*,_,_,_,_,_,Wrong_subj
circle01,140_1,13,which,which,WDT,(SBAR(WHNP*),_,which,_,which,_,Wrong_subj
circle01,140_1,14,would,would,MD,(S(VP*,_,would,_,would,_,Wrong_subj
circle01,140_1,15,give,give,VB,(VP*,_,give,give,give,_,Wrong_subj
circle01,140_1,16,the,the,DT,(NP(NP*,_,_,_,the,FP,Wrong_subj
circle01,140_1,17,noun,noun,NN,*),_,_,_,noun,FP,Wrong_subj
circle01,140_1,18,but,but,CC,*,_,_,_,_,_,Wrong_subj
circle01,140_1,19,not,not,RB,*,not,_,_,_,_,Wrong_subj
circle01,140_1,20,the,the,DT,(NP*,_,the,_,the,_,Wrong_subj
circle01,140_1,21,plural,plural,JJ,*))))))))))))))),_,plural,_,plural,_,Wrong_subj
circle01,140_1,22,.,.,.,*),_,_,_,_,_,Wrong_subj
circle01,294_1,0,I,I,PRP,(S(NP*),_,_,_,_,_,Prep_to_C
circle01,294_1,1,suppose,suppose,VBP,(VP*,_,_,_,_,_,Prep_to_C
circle01,294_1,2,when,when,WRB,(SBAR(WHADVP*),_,_,_,_,_,Prep_to_C
circle01,294_1,3,you,you,PRP,(S(NP*),_,_,_,you,FP,Prep_to_C
circle01,294_1,4,doctored,doctor,VBD,(VP*,_,_,_,doctored,FP,Prep_to_C
circle01,294_1,5,you,you,PRP,(SBAR(S(NP*),_,_,_,you,FP,Prep_to_C
circle01,294_1,6,found,find,VBD,(VP*,_,_,_,found,FP,Prep_to_C
circle01,294_1,7,yourself,yourself,PRP,(NP*),_,_,_,yourself,FP,Prep_to_C
circle01,294_1,8,studying,study,VBG,(S(VP*,_,_,_,studying,FP,Prep_to_C
circle01,294_1,9,cases,case,NNS,(NP(NP*),_,_,_,cases,FP,Prep_to_C
circle01,294_1,10,without,without,IN,(PP*,without,_,_,_,_,Prep_to_C
circle01,294_1,11,thought,thought,NN,(NP*)),_,thought,_,thought,_,Prep_to_C
circle01,294_1,12,of,of,IN,(PP*,_,of,_,of,_,Prep_to_C
circle01,294_1,13,a,a,DT,(NP*,_,a,_,a,_,Prep_to_C
circle01,294_1,14,fee,fee,NN,*)))))))))))),_,fee,_,fee,_,Prep_to_C
circle01,294_1,15,?,?,.,*,_,_,_,_,_,Prep_to_C
circle01,294_1,16,'','','',*),_,_,_,_,_,Prep_to_C
wisteria02,164_2,0,``,``,``,(S*,_,_,_,_,_,Repeat_OOS
wisteria02,164_2,1,I,I,PRP,(NP*),_,_,_,I,FP,Repeat_OOS
wisteria02,164_2,2,did,do,VBD,(VP*,_,_,_,did,FP,Repeat_OOS
wisteria02,164_2,3,n't,n't,RB,*,_,_,_,_,_,Repeat_OOS
wisteria02,164_2,4,say,say,VB,(VP*,_,_,_,_,_,Repeat_OOS
wisteria02,164_2,5,so,so,RB,(SBAR(S(ADVP*),_,_,_,_,_,Repeat_OOS
wisteria02,164_2,6,",",",",",",*,_,_,_,_,_,Repeat_OOS
wisteria02,164_2,7,Mr.,Mr.,NNP,(NP*,_,_,_,_,_,Repeat_OOS
wisteria02,164_2,8,Holmes,Holmes,NNP,*),_,_,_,_,_,Repeat_OOS
wisteria02,164_2,9,;,;,:,*,_,_,_,_,_,Repeat_OOS
wisteria02,164_2,10,I,I,PRP,(NP*),_,I,_,I,_,Repeat_OOS
wisteria02,164_2,11,did,do,VBD,(VP*,_,did,_,did,_,Repeat_OOS
wisteria02,164_2,12,n't,n't,RB,*,n't,_,_,_,_,Repeat_OOS
wisteria02,164_2,13,say,say,VB,(VP*,_,say,say,say,_,Repeat_OOS
wisteria02,164_2,14,so,so,RB,(ADVP*))))))),_,so,_,so,_,Repeat_OOS
wisteria02,164_2,15,.,.,.,*),_,_,_,_,_,Repeat_OOS
cardboard,108_1,0,``,``,``,(SBARQ*,_,_,_,_,_,SC_not_MC
cardboard,108_1,1,What,What,WP,(WHNP*),_,_,_,_,_,SC_not_MC
cardboard,108_1,2,is,be,VBZ,(SQ(VP*,_,_,_,is,FP,SC_not_MC
cardboard,108_1,3,the,the,DT,(NP(NP*,_,_,_,the,FP,SC_not_MC
cardboard,108_1,4,use,use,NN,*),_,_,_,use,FP,SC_not_MC
cardboard,108_1,5,of,of,IN,(PP*,_,_,_,of,FP,SC_not_MC
cardboard,108_1,6,asking,ask,VBG,(S(VP*,_,_,_,asking,FP,SC_not_MC
cardboard,108_1,7,me,me,PRP,(NP*),_,_,_,me,FP,SC_not_MC
cardboard,108_1,8,questions,question,NNS,(NP*),_,_,_,questions,FP,SC_not_MC
cardboard,108_1,9,when,when,WRB,(SBAR(WHADVP*),_,_,_,when,FP,SC_not_MC
cardboard,108_1,10,I,I,PRP,(S(NP*),_,_,_,I,FP,SC_not_MC
cardboard,108_1,11,tell,tell,VBP,(VP*,_,_,_,tell,FP,SC_not_MC
cardboard,108_1,12,you,you,PRP,(NP*),_,_,_,you,FP,SC_not_MC
cardboard,108_1,13,I,I,PRP,(SBAR(S(NP*),_,I,_,I,_,SC_not_MC
cardboard,108_1,14,know,know,VBP,(VP*,_,know,know,know,_,SC_not_MC
cardboard,108_1,15,nothing,nothing,NN,(NP*),nothing,_,_,_,_,SC_not_MC
cardboard,108_1,16,whatever,whatever,WDT,(NP*),_,whatever,_,whatever,_,SC_not_MC
cardboard,108_1,17,about,about,IN,(PP*,_,about,_,about,_,SC_not_MC
cardboard,108_1,18,it,it,PRP,(NP*)))))))))))))),_,it,_,it,_,SC_not_MC
cardboard,108_1,19,?,?,.,*,_,_,_,_,_,SC_not_MC
cardboard,108_1,20,'','','',*),_,_,_,_,_,SC_not_MC
cardboard,225_1,0,``,``,``,(S*,_,_,_,_,_,Sub_CL_only
cardboard,225_1,1,I,I,PRP,(NP*),_,_,_,_,_,Sub_CL_only
cardboard,225_1,2,wonder,wonder,VBP,(VP*,_,_,_,_,_,Sub_CL_only
cardboard,225_1,3,",",",",",",*,_,_,_,_,_,Sub_CL_only
cardboard,225_1,4,since,since,IN,(SBAR*,_,_,_,_,_,Sub_CL_only
cardboard,225_1,5,you,you,PRP,(S(NP*),_,_,_,you,FP,Sub_CL_only
cardboard,225_1,6,are,be,VBP,(VP*,_,_,_,are,FP,Sub_CL_only
cardboard,225_1,7,both,both,DT,(NP*,_,_,_,both,FP,Sub_CL_only
cardboard,225_1,8,maiden,maiden,JJ,*,_,_,_,maiden,FP,Sub_CL_only
cardboard,225_1,9,ladies,lady,NNS,*),_,_,_,ladies,FP,Sub_CL_only
cardboard,225_1,10,",",",",",",*,_,_,_,_,_,Sub_CL_only
cardboard,225_1,11,that,that,IN,(SBAR*,_,_,_,_,_,Sub_CL_only
cardboard,225_1,12,you,you,PRP,(S(NP*),_,you,_,you,_,Sub_CL_only
cardboard,225_1,13,do,do,VBP,(VP*,_,do,_,do,_,Sub_CL_only
cardboard,225_1,14,not,not,RB,*,not,_,_,_,_,Sub_CL_only
cardboard,225_1,15,keep,keep,VB,(VP*,_,keep,_,keep,_,Sub_CL_only
cardboard,225_1,16,house,house,NN,(NP*),_,house,_,house,_,Sub_CL_only
cardboard,225_1,17,together,together,RB,(ADVP*))))))))),_,together,_,together,_,Sub_CL_only
cardboard,225_1,18,.,.,.,*,_,_,_,_,_,Sub_CL_only
cardboard,225_1,19,'','','',*),_,_,_,_,_,Sub_CL_only
wisteria02,144_1,0,Pray,Pray,NNP,(S(NP*),_,_,_,Pray,FP,Int_NIS
wisteria02,144_1,1,do,do,VBP,(VP*,_,do,_,do,_,Int_NIS
wisteria02,144_1,2,n't,n't,RB,*,n't,_,_,_,_,Int_NIS
wisteria02,144_1,3,think,think,VB,(VP*,_,think,_,think,_,Int_NIS
wisteria02,144_1,4,it,it,PRP,(NP*),_,it,_,it,_,Int_NIS
wisteria02,144_1,5,a,a,DT,(NP*,_,a,_,a,_,Int_NIS
wisteria02,144_1,6,liberty,liberty,NN,*),_,liberty,_,liberty,_,Int_NIS
wisteria02,144_1,7,if,if,IN,(SBAR*,_,if,_,if,_,Int_NIS
wisteria02,144_1,8,I,I,PRP,(S(NP*),_,I,_,I,_,Int_NIS
wisteria02,144_1,9,give,give,VBP,(VP*,_,give,_,give,_,Int_NIS
wisteria02,144_1,10,you,you,PRP,(NP*),_,you,_,you,_,Int_NIS
wisteria02,144_1,11,a,a,DT,(NP(NP*,_,a,_,a,_,Int_NIS
wisteria02,144_1,12,word,word,NN,*),_,word,_,word,_,Int_NIS
wisteria02,144_1,13,of,of,IN,(PP*,_,of,_,of,_,Int_NIS
wisteria02,144_1,14,friendly,friendly,JJ,(NP*,_,friendly,_,friendly,_,Int_NIS
wisteria02,144_1,15,warning,warning,NN,*)))))))),_,warning,_,warning,_,Int_NIS
wisteria02,144_1,16,.,.,.,*,_,_,_,_,_,Int_NIS
wisteria02,144_1,17,'','','',*),_,_,_,_,_,Int_NIS
cardboard,23_1,0,On,On,IN,(S(PP*,_,_,_,_,_,Aff_skipped + No_pattern
cardboard,23_1,1,my,my,PRP$,(NP*,_,_,_,_,_,Aff_skipped + No_pattern
cardboard,23_1,2,remarking,remark,NN,*,_,_,_,_,_,Aff_skipped + No_pattern
cardboard,23_1,3,that,that,IN,(SBAR*,_,_,_,_,_,Aff_skipped + No_pattern
cardboard,23_1,4,I,I,PRP,(S(NP*),_,_,_,_,_,Aff_skipped + No_pattern
cardboard,23_1,5,was,be,VBD,(VP*,_,_,_,_,_,Aff_skipped + No_pattern
cardboard,23_1,6,constantly,constantly,RB,(ADVP*),_,_,_,_,_,Aff_skipped + No_pattern
cardboard,23_1,7,in,in,IN,(PP*,_,_,_,_,_,Aff_skipped + No_pattern
cardboard,23_1,8,the,the,DT,(NP(NP*,_,_,_,_,_,Aff_skipped + No_pattern
cardboard,23_1,9,habit,habit,NN,*),_,_,_,_,_,Aff_skipped + No_pattern
cardboard,23_1,10,of,of,IN,(PP*,_,_,_,_,_,Aff_skipped + No_pattern
cardboard,23_1,11,doing,do,VBG,(S(VP*,_,_,_,_,_,Aff_skipped + No_pattern
cardboard,23_1,12,the,the,DT,(NP*,_,_,_,_,_,Aff_skipped + No_pattern
cardboard,23_1,13,same,same,JJ,*,_,_,_,_,_,Aff_skipped + No_pattern
cardboard,23_1,14,thing,thing,NN,*))))))))))),_,_,_,thing,FP,Aff_skipped + No_pattern
cardboard,23_1,15,you,you,PRP,(NP*),_,you,_,you,_,Aff_skipped + No_pattern
cardboard,23_1,16,expressed,express,VBD,(VP*,_,expressed,expressed,expressed,_,Aff_skipped + No_pattern
cardboard,23_1,17,incredulity,incredulity,NN,(NP*)),in,credulity,_,_,FN,Aff_skipped + No_pattern
cardboard,23_1,18,.,.,.,*,_,_,_,_,_,Aff_skipped + No_pattern
cardboard,23_1,19,'','','',*),_,_,_,_,_,Aff_skipped + No_pattern
cardboard,394_1,0,But,But,CC,(S*,_,_,_,_,_,MC_not_SC
cardboard,394_1,1,when,when,WRB,(SBAR(WHADVP*),_,_,_,_,_,MC_not_SC
cardboard,394_1,2,little,little,JJ,(S(NP*,_,_,_,little,FP,MC_not_SC
cardboard,394_1,3,Mary,Mary,NNP,*),_,_,_,Mary,FP,MC_not_SC
cardboard,394_1,4,was,be,VBD,(VP*,_,_,_,was,FP,MC_not_SC
cardboard,394_1,5,there,there,RB,(ADVP*)))),_,_,_,there,FP,MC_not_SC
cardboard,394_1,6,I,I,PRP,(NP*),_,I,_,I,_,MC_not_SC
cardboard,394_1,7,had,have,VBD,(VP*,_,had,had,had,_,MC_not_SC
cardboard,394_1,8,never,never,RB,(ADVP*),never,_,_,_,_,MC_not_SC
cardboard,394_1,9,a,a,DT,(NP(NP*,_,a,_,a,_,MC_not_SC
cardboard,394_1,10,thought,thought,NN,*),_,thought,_,thought,_,MC_not_SC
cardboard,394_1,11,of,of,IN,(PP*,_,of,_,of,_,MC_not_SC
cardboard,394_1,12,her,her,PRP,(NP*))),_,her,_,her,_,MC_not_SC
cardboard,394_1,13,",",",",",",*,_,_,_,_,_,MC_not_SC
cardboard,394_1,14,and,and,CC,*,_,_,_,_,_,MC_not_SC
cardboard,394_1,15,that,that,IN,(SBAR*,_,_,_,_,_,MC_not_SC
cardboard,394_1,16,I,I,PRP,(S(NP*),_,_,_,_,_,MC_not_SC
cardboard,394_1,17,swear,swear,VBP,(VP*,_,_,_,_,_,MC_not_SC
cardboard,394_1,18,as,as,IN,(SBAR*,_,_,_,_,_,MC_not_SC
cardboard,394_1,19,I,I,PRP,(S(NP*),_,_,_,_,_,MC_not_SC
cardboard,394_1,20,hope,hope,VBP,(VP*,_,_,_,_,_,MC_not_SC
cardboard,394_1,21,for,for,IN,(PP*,_,_,_,_,_,MC_not_SC
cardboard,394_1,22,God,God,NNP,(NP(NP*,_,_,_,_,_,MC_not_SC
cardboard,394_1,23,'s,'s,POS,*),_,_,_,_,_,MC_not_SC
cardboard,394_1,24,mercy,mercy,NN,*))))))))),_,_,_,_,_,MC_not_SC
cardboard,394_1,25,.,.,.,*),_,_,_,_,_,MC_not_SC
wisteria02,48_1,0,Telegraphic,Telegraphic,JJ,(S(NP*,_,_,_,_,_,Sub_CL_only
wisteria02,48_1,1,inquiries,inquiry,NNS,*),_,_,_,_,_,Sub_CL_only
wisteria02,48_1,2,had,have,VBD,(VP*,_,_,_,_,_,Sub_CL_only
wisteria02,48_1,3,been,be,VBN,(VP*,_,_,_,_,_,Sub_CL_only
wisteria02,48_1,4,already,already,RB,(VP(ADVP*),_,_,_,_,_,Sub_CL_only
wisteria02,48_1,5,made,make,VBN,*,_,_,_,_,_,Sub_CL_only
wisteria02,48_1,6,which,which,WDT,(SBAR(WHNP*),_,_,_,which,FP,Sub_CL_only
wisteria02,48_1,7,showed,show,VBD,(S(VP*,_,_,_,showed,FP,Sub_CL_only
wisteria02,48_1,8,that,that,IN,(SBAR*,_,_,_,that,FP,Sub_CL_only
wisteria02,48_1,9,Marx,Marx,NNP,(S(NP*),_,Marx,_,Marx,_,Sub_CL_only
wisteria02,48_1,10,knew,know,VBD,(VP*,_,knew,knew,knew,_,Sub_CL_only
wisteria02,48_1,11,nothing,nothing,NN,(NP(NP*),nothing,_,_,_,_,Sub_CL_only
wisteria02,48_1,12,of,of,IN,(PP*,_,of,_,of,_,Sub_CL_only
wisteria02,48_1,13,his,his,PRP$,(NP*,_,his,_,his,_,Sub_CL_only
wisteria02,48_1,14,customer,customer,NN,*))),_,customer,_,customer,_,Sub_CL_only
wisteria02,48_1,15,save,save,IN,(SBAR*,_,save,_,save,_,Sub_CL_only
wisteria02,48_1,16,that,that,IN,*,_,that,_,that,_,Sub_CL_only
wisteria02,48_1,17,he,he,PRP,(S(NP*),_,he,_,he,_,Sub_CL_only
wisteria02,48_1,18,was,be,VBD,(VP*,_,was,_,was,_,Sub_CL_only
wisteria02,48_1,19,a,a,DT,(NP*,_,a,_,a,_,Sub_CL_only
wisteria02,48_1,20,good,good,JJ,*,_,good,_,good,_,Sub_CL_only
wisteria02,48_1,21,payer,payer,NN,*))))))))))))),_,payer,_,payer,_,Sub_CL_only
wisteria02,48_1,22,.,.,.,*),_,_,_,_,_,Sub_CL_only
wisteria01,250_1,0,``,``,``,(S*,_,_,_,_,_,PP_OOS
wisteria01,250_1,1,On,On,IN,(PP*,_,_,_,On,FP,PP_OOS
wisteria01,250_1,2,the,the,DT,(NP(NP*,_,_,_,the,FP,PP_OOS
wisteria01,250_1,3,face,face,NN,*),_,_,_,face,FP,PP_OOS
wisteria01,250_1,4,of,of,IN,(PP*,_,_,_,of,FP,PP_OOS
wisteria01,250_1,5,it,it,PRP,(NP*)))),_,_,_,it,FP,PP_OOS
wisteria01,250_1,6,the,the,DT,(NP*,_,the,_,the,_,PP_OOS
wisteria01,250_1,7,case,case,NN,*),_,case,_,case,_,PP_OOS
wisteria01,250_1,8,is,be,VBZ,(VP*,_,is,_,is,_,PP_OOS
wisteria01,250_1,9,not,not,RB,*,not,_,_,_,_,PP_OOS
wisteria01,250_1,10,a,a,DT,(NP*,_,a,_,a,_,PP_OOS
wisteria01,250_1,11,very,very,RB,(ADJP*,_,very,_,very,_,PP_OOS
wisteria01,250_1,12,complex,complex,JJ,*),_,complex,complex,complex,_,PP_OOS
wisteria01,250_1,13,one,one,NN,*),_,one,_,one,_,PP_OOS
wisteria01,250_1,14,",",",",",",*,_,_,_,_,_,PP_OOS
wisteria01,250_1,15,though,though,IN,(SBAR*,_,_,_,_,_,PP_OOS
wisteria01,250_1,16,it,it,PRP,(S(NP*),_,_,_,_,_,PP_OOS
wisteria01,250_1,17,certainly,certainly,RB,(ADVP*),_,_,_,_,_,PP_OOS
wisteria01,250_1,18,presents,present,VBZ,(VP*,_,_,_,_,_,PP_OOS
wisteria01,250_1,19,some,some,DT,(NP*,_,_,_,_,_,PP_OOS
wisteria01,250_1,20,novel,novel,JJ,(ADJP*,_,_,_,_,_,PP_OOS
wisteria01,250_1,21,and,and,CC,*,_,_,_,_,_,PP_OOS
wisteria01,250_1,22,interesting,interesting,JJ,*),_,_,_,_,_,PP_OOS
wisteria01,250_1,23,features,feature,NNS,*))))),_,_,_,_,_,PP_OOS
wisteria01,250_1,24,.,.,.,*),_,_,_,_,_,PP_OOS
wisteria02,46_1,0,Apparently,Apparently,RB,(S(ADVP*),_,_,_,Apparently,FP,Adv_OOS
wisteria02,46_1,1,the,the,DT,(NP*,_,the,_,the,_,Adv_OOS
wisteria02,46_1,2,tenants,tenant,NNS,*),_,tenants,_,tenants,_,Adv_OOS
wisteria02,46_1,3,had,have,VBD,(VP*,_,had,_,had,_,Adv_OOS
wisteria02,46_1,4,brought,bring,VBN,(VP*,_,brought,_,brought,_,Adv_OOS
wisteria02,46_1,5,little,little,RB,(NP(NP(NP*),_,_,_,little,FP,Adv_OOS
wisteria02,46_1,6,or,or,CC,*,_,_,_,or,FP,Adv_OOS
wisteria02,46_1,7,nothing,nothing,NN,(NP(NP*),nothing,_,_,nothing,FP,Adv_OOS
wisteria02,46_1,8,with,with,IN,(PP*,_,with,_,with,_,Adv_OOS
wisteria02,46_1,9,them,them,PRP,(NP*)))),_,them,_,them,_,Adv_OOS
wisteria02,46_1,10,",",",",",",*,_,_,_,_,_,Adv_OOS
wisteria02,46_1,11,and,and,CC,*,_,_,_,_,_,Adv_OOS
wisteria02,46_1,12,all,all,PDT,(NP*,_,_,_,_,_,Adv_OOS
wisteria02,46_1,13,the,the,DT,*,_,_,_,_,_,Adv_OOS
wisteria02,46_1,14,furniture,furniture,NN,*)),_,_,_,_,_,Adv_OOS
wisteria02,46_1,15,down,down,RB,(ADVP*),_,_,_,_,_,Adv_OOS
wisteria02,46_1,16,to,to,TO,(PP*,_,_,_,_,_,Adv_OOS
wisteria02,46_1,17,the,the,DT,(NP(NP*,_,_,_,_,_,Adv_OOS
wisteria02,46_1,18,smallest,small,JJS,*,_,_,_,_,_,Adv_OOS
wisteria02,46_1,19,details,detail,NNS,*),_,_,_,_,_,Adv_OOS
wisteria02,46_1,20,had,have,VBD,(SBAR(S(VP*,_,_,_,_,_,Adv_OOS
wisteria02,46_1,21,been,be,VBN,(VP*,_,_,_,_,_,Adv_OOS
wisteria02,46_1,22,taken,take,VBN,(VP*,_,_,_,_,_,Adv_OOS
wisteria02,46_1,23,over,over,RP,(PRT*),_,_,_,_,_,Adv_OOS
wisteria02,46_1,24,with,with,IN,(PP*,_,_,_,_,_,Adv_OOS
wisteria02,46_1,25,the,the,DT,(NP*,_,_,_,_,_,Adv_OOS
wisteria02,46_1,26,house,house,NN,*))))))))))),_,_,_,_,_,Adv_OOS
wisteria02,46_1,27,.,.,.,*),_,_,_,_,_,Adv_OOS
wisteria02,121_1,0,He,He,PRP,(S(S(NP*),_,_,_,_,_,Sub_CL_only
wisteria02,121_1,1,said,say,VBD,(VP*,_,_,_,_,_,Sub_CL_only
wisteria02,121_1,2,little,little,JJ,(ADJP*,_,_,_,_,_,Sub_CL_only
wisteria02,121_1,3,about,about,IN,(PP*,_,_,_,_,_,Sub_CL_only
wisteria02,121_1,4,the,the,DT,(NP*,_,_,_,_,_,Sub_CL_only
wisteria02,121_1,5,case,case,NN,*))))),_,_,_,_,_,Sub_CL_only
wisteria02,121_1,6,",",",",",",*,_,_,_,_,_,Sub_CL_only
wisteria02,121_1,7,but,but,CC,*,_,_,_,_,_,Sub_CL_only
wisteria02,121_1,8,from,from,IN,(S(PP*,_,_,_,_,_,Sub_CL_only
wisteria02,121_1,9,that,that,DT,(NP*,_,_,_,_,_,Sub_CL_only
wisteria02,121_1,10,little,little,JJ,*)),_,_,_,little,FP,Sub_CL_only
wisteria02,121_1,11,we,we,PRP,(NP*),_,_,_,we,FP,Sub_CL_only
wisteria02,121_1,12,gathered,gather,VBD,(VP*,_,_,_,gathered,FP,Sub_CL_only
wisteria02,121_1,13,that,that,IN,(SBAR*,_,_,_,that,FP,Sub_CL_only
wisteria02,121_1,14,he,he,PRP,(S(NP*),_,he,_,he,_,Sub_CL_only
wisteria02,121_1,15,also,also,RB,(ADVP*),_,also,_,also,_,Sub_CL_only
wisteria02,121_1,16,was,be,VBD,(VP*,_,was,_,was,_,Sub_CL_only
wisteria02,121_1,17,not,not,RB,*,not,_,_,_,_,Sub_CL_only
wisteria02,121_1,18,dissatisfied,dissatisfy,VBN,(VP*,_,dissatisfied,dissatisfied,dissatisfied,_,Sub_CL_only
wisteria02,121_1,19,at,at,IN,(PP*,_,at,_,at,_,Sub_CL_only
wisteria02,121_1,20,the,the,DT,(NP(NP*,_,the,_,the,_,Sub_CL_only
wisteria02,121_1,21,course,course,NN,*),_,course,_,course,_,Sub_CL_only
wisteria02,121_1,22,of,of,IN,(PP*,_,of,_,of,_,Sub_CL_only
wisteria02,121_1,23,events,event,NNS,(NP*)))))))))),_,events,_,events,_,Sub_CL_only
wisteria02,121_1,24,.,.,.,*),_,_,_,_,_,Sub_CL_only
cardboard,423_1,0,For,For,IN,(S(PP*,_,_,_,_,_,MC_and_SC
cardboard,423_1,1,a,a,DT,(NP*,_,_,_,_,_,MC_and_SC
cardboard,423_1,2,month,month,NN,*)),_,_,_,_,_,MC_and_SC
cardboard,423_1,3,he,he,PRP,(NP*),_,_,_,_,_,MC_and_SC
cardboard,423_1,4,was,be,VBD,(VP*,_,_,_,_,_,MC_and_SC
cardboard,423_1,5,in,in,IN,(ADVP*,_,_,_,_,_,MC_and_SC
cardboard,423_1,6,and,and,CC,*,_,_,_,_,_,MC_and_SC
cardboard,423_1,7,out,out,IN,*,_,_,_,out,FP,MC_and_SC
cardboard,423_1,8,of,of,IN,(PP*,_,_,_,of,FP,MC_and_SC
cardboard,423_1,9,my,my,PRP$,(NP*,_,_,_,my,FP,MC_and_SC
cardboard,423_1,10,house,house,NN,*))),_,_,_,house,FP,MC_and_SC
cardboard,423_1,11,",",",",",",*,_,_,_,_,_,MC_and_SC
cardboard,423_1,12,and,and,CC,(SBAR(SINV*,_,_,_,_,_,MC_and_SC
cardboard,423_1,13,never,never,RB,(ADVP*,never,_,_,_,_,MC_and_SC
cardboard,423_1,14,once,once,RB,*),_,once,_,once,_,MC_and_SC
cardboard,423_1,15,did,do,VBD,*,_,did,_,did,_,MC_and_SC
cardboard,423_1,16,it,it,PRP,(NP*),_,it,_,it,_,MC_and_SC
cardboard,423_1,17,cross,cross,VB,(VP*,_,cross,cross,cross,_,MC_and_SC
cardboard,423_1,18,my,my,PRP$,(NP*,_,my,_,my,_,MC_and_SC
cardboard,423_1,19,mind,mind,NN,*,_,mind,_,mind,_,MC_and_SC
cardboard,423_1,20,that,that,IN,(SBAR*,_,that,_,_,FN,MC_and_SC
cardboard,423_1,21,harm,harm,NN,(S(NP*),_,harm,_,_,FN,MC_and_SC
cardboard,423_1,22,might,might,MD,(VP*,_,might,_,_,FN,MC_and_SC
cardboard,423_1,23,come,come,VB,(VP*,_,come,_,_,FN,MC_and_SC
cardboard,423_1,24,of,of,IN,(PP*,_,of,_,_,FN,MC_and_SC
cardboard,423_1,25,his,his,PRP$,(NP*,_,his,_,_,FN,MC_and_SC
cardboard,423_1,26,soft,soft,JJ,*,_,soft,_,_,FN,MC_and_SC
cardboard,423_1,27,",",",",",",*,_,",",_,_,FN,MC_and_SC
cardboard,423_1,28,tricky,tricky,JJ,*,_,tricky,_,_,FN,MC_and_SC
cardboard,423_1,29,ways,way,NNS,*))))))))))),_,ways,_,_,FN,MC_and_SC
cardboard,423_1,30,.,.,.,*),_,_,_,_,_,MC_and_SC
wisteria02,30_1,0,It,It,PRP,(S(NP*),_,_,_,_,_,Repeat_OOS
wisteria02,30_1,1,was,be,VBD,(VP(VP*,_,_,_,_,_,Repeat_OOS
wisteria02,30_1,2,n't,n't,RB,*,_,_,_,_,_,Repeat_OOS
wisteria02,30_1,3,black,black,JJ,(NP(NP*),_,_,_,_,_,Repeat_OOS
wisteria02,30_1,4,",",",",",",*,_,_,_,_,_,Repeat_OOS
wisteria02,30_1,5,sir,sir,NNP,(NP*),_,_,_,_,_,Repeat_OOS
wisteria02,30_1,6,",",",",",",*)),_,_,_,_,_,Repeat_OOS
wisteria02,30_1,7,nor,nor,CC,*,nor,_,_,_,_,Repeat_OOS
wisteria02,30_1,8,was,be,VBD,(VP*,_,was,_,was,_,Repeat_OOS
wisteria02,30_1,9,it,it,PRP,(S(NP*),_,it,_,it,_,Repeat_OOS
wisteria02,30_1,10,white,white,JJ,(ADJP(ADJP*),_,white,white,white,_,Repeat_OOS
wisteria02,30_1,11,",",",",",",*,_,_,_,_,_,Repeat_OOS
wisteria02,30_1,12,nor,nor,CC,*,_,_,_,_,_,Repeat_OOS
wisteria02,30_1,13,any,any,RB,(ADJP*,_,_,_,any,FP,Repeat_OOS
wisteria02,30_1,14,colour,colour,JJ,*)),_,_,_,colour,FP,Repeat_OOS
wisteria02,30_1,15,that,that,IN,(SBAR*,_,_,_,that,FP,Repeat_OOS
wisteria02,30_1,16,I,I,PRP,(S(S(NP*),_,_,_,I,FP,Repeat_OOS
wisteria02,30_1,17,know,know,VBP,(VP*)),_,_,_,know,FP,Repeat_OOS
wisteria02,30_1,18,but,but,CC,*,_,_,_,_,_,Repeat_OOS
wisteria02,30_1,19,a,a,DT,(S(NP(NP*,_,_,_,_,_,Repeat_OOS
wisteria02,30_1,20,kind,kind,NN,*),_,_,_,_,_,Repeat_OOS
wisteria02,30_1,21,of,of,IN,(PP*,_,_,_,_,_,Repeat_OOS
wisteria02,30_1,22,queer,queer,NN,(NP*,_,_,_,_,_,Repeat_OOS
wisteria02,30_1,23,shade,shade,NN,*))),_,_,_,_,_,Repeat_OOS
wisteria02,30_1,24,like,like,VBP,(VP*,_,_,_,_,_,Repeat_OOS
wisteria02,30_1,25,clay,clay,NNP,(NP*),_,_,_,_,_,Repeat_OOS
wisteria02,30_1,26,with,with,IN,(PP*,_,_,_,_,_,Repeat_OOS
wisteria02,30_1,27,a,a,DT,(NP(NP*,_,_,_,_,_,Repeat_OOS
wisteria02,30_1,28,splash,splash,NN,*),_,_,_,_,_,Repeat_OOS
wisteria02,30_1,29,of,of,IN,(PP*,_,_,_,_,_,Repeat_OOS
wisteria02,30_1,30,milk,milk,NN,(NP(NP*),_,_,_,_,_,Repeat_OOS
wisteria02,30_1,31,in,in,IN,(PP*,_,_,_,_,_,Repeat_OOS
wisteria02,30_1,32,it,it,PRP,(NP*))))))))))))),_,_,_,_,_,Repeat_OOS
wisteria02,30_1,33,.,.,.,*),_,_,_,_,_,Repeat_OOS
circle01,20_1,0,To,To,TO,(S(S(VP*,_,_,_,_,_,Sub_CL_only
circle01,20_1,1,hear,hear,VB,(VP*,_,_,_,_,_,Sub_CL_only
circle01,20_1,2,his,his,PRP$,(NP*,_,_,_,_,_,Sub_CL_only
circle01,20_1,3,quick,quick,JJ,*,_,_,_,_,_,Sub_CL_only
circle01,20_1,4,step,step,NN,*),_,_,_,_,_,Sub_CL_only
circle01,20_1,5,moving,move,VBG,(S(VP*,_,_,_,_,_,Sub_CL_only
circle01,20_1,6,here,here,RB,(UCP(ADVP*),_,_,_,_,_,Sub_CL_only
circle01,20_1,7,and,and,CC,*,_,_,_,_,_,Sub_CL_only
circle01,20_1,8,moving,move,VBG,(VP*,_,_,_,moving,FP,Sub_CL_only
circle01,20_1,9,there,there,RB,(ADVP*,_,_,_,there,FP,Sub_CL_only
circle01,20_1,10,from,from,IN,(PP*,_,_,_,from,FP,Sub_CL_only
circle01,20_1,11,early,early,JJ,(NP*,_,_,_,early,FP,Sub_CL_only
circle01,20_1,12,morning,morning,NN,*))),_,_,_,morning,FP,Sub_CL_only
circle01,20_1,13,to,to,TO,(PP*,_,_,_,to,FP,Sub_CL_only
circle01,20_1,14,late,late,JJ,(ADJP*,_,_,_,late,FP,Sub_CL_only
circle01,20_1,15,at,at,IN,(PP*,_,_,_,at,FP,Sub_CL_only
circle01,20_1,16,night,night,NN,(NP*))))))))))),_,_,_,night,FP,Sub_CL_only
circle01,20_1,17,",",",",",",*,_,_,_,_,_,Sub_CL_only
circle01,20_1,18,and,and,CC,*,_,_,_,_,_,Sub_CL_only
circle01,20_1,19,yet,yet,RB,*,_,_,_,_,_,Sub_CL_only
circle01,20_1,20,never,never,RB,(S(ADVP*),never,_,_,_,_,Sub_CL_only
circle01,20_1,21,to,to,TO,(VP*,_,to,_,to,_,Sub_CL_only
circle01,20_1,22,catch,catch,VB,(VP*,_,catch,_,catch,_,Sub_CL_only
circle01,20_1,23,so,so,RB,(ADVP(ADVP*,_,so,_,so,_,Sub_CL_only
circle01,20_1,24,much,much,RB,*),_,much,_,much,_,Sub_CL_only
circle01,20_1,25,as,as,IN,(PP*,_,as,_,as,_,Sub_CL_only
circle01,20_1,26,a,a,DT,(NP(NP*,_,a,_,a,_,Sub_CL_only
circle01,20_1,27,glimpse,glimpse,NN,*),_,glimpse,_,glimpse,_,Sub_CL_only
circle01,20_1,28,of,of,IN,(PP*,_,of,_,of,_,Sub_CL_only
circle01,20_1,29,him,him,PRP,(NP*)))))))),_,him,_,him,_,Sub_CL_only
circle01,20_1,30,--,--,:,*,_,_,_,_,_,Sub_CL_only
circle01,20_1,31,it,it,PRP,(S(NP*),_,_,_,_,_,Sub_CL_only
circle01,20_1,32,'s,',VBZ,(VP*,_,_,_,_,_,Sub_CL_only
circle01,20_1,33,more,more,JJR,(ADJP(ADJP*),_,_,_,_,_,Sub_CL_only
circle01,20_1,34,than,than,IN,(SBAR*,_,_,_,_,_,Sub_CL_only
circle01,20_1,35,I,I,PRP,(S(NP*),_,_,_,_,_,Sub_CL_only
circle01,20_1,36,can,can,MD,(VP*,_,_,_,_,_,Sub_CL_only
circle01,20_1,37,stand,stand,VB,(VP*))))))),_,_,_,_,_,Sub_CL_only
circle01,20_1,38,.,.,.,*),_,_,_,_,_,Sub_CL_only
circle02,165_1,0,And,And,CC,(S*,_,_,_,_,_,NP_only
circle02,165_1,1,then,then,RB,(ADVP*),_,_,_,_,_,NP_only
circle02,165_1,2,",",",",",",*,_,_,_,_,_,NP_only
circle02,165_1,3,gradually,gradually,RB,(ADVP*),_,_,_,_,_,NP_only
circle02,165_1,4,",",",",",",*,_,_,_,_,_,NP_only
circle02,165_1,5,I,I,PRP,(NP*),_,_,_,_,_,NP_only
circle02,165_1,6,understood,understand,VBD,(VP*,_,_,_,_,_,NP_only
circle02,165_1,7,that,that,IN,(SBAR*,_,_,_,_,_,NP_only
circle02,165_1,8,it,it,PRP,(S(NP*),_,_,_,it,FP,NP_only
circle02,165_1,9,was,be,VBD,(VP*,_,_,_,was,FP,NP_only
circle02,165_1,10,more,more,JJR,(NP(QP*,_,_,_,more,FP,NP_only
circle02,165_1,11,than,than,IN,*,_,_,_,than,FP,NP_only
circle02,165_1,12,dislike,dislike,NN,*)))))),dis,like,like,dislike,_,NP_only
circle02,165_1,13,.,.,.,*),_,_,_,_,_,NP_only
wisteria02,34_1,0,Out,Out,IN,(S(SBAR*,_,_,_,_,_,Wrong_subj
wisteria02,34_1,1,I,I,PRP,(S(NP*),_,_,_,_,_,Wrong_subj
wisteria02,34_1,2,ran,run,VBD,(VP*,_,_,_,_,_,Wrong_subj
wisteria02,34_1,3,and,and,CC,(PP*,_,_,_,_,_,Wrong_subj
wisteria02,34_1,4,through,through,IN,*,_,_,_,_,_,Wrong_subj
wisteria02,34_1,5,the,the,DT,(NP*,_,_,_,_,_,Wrong_subj
wisteria02,34_1,6,shrubbery,shrubbery,NN,*))))),_,_,_,_,_,Wrong_subj
wisteria02,34_1,7,",",",",",",*,_,_,_,_,_,Wrong_subj
wisteria02,34_1,8,but,but,CC,*,_,_,_,_,_,Wrong_subj
wisteria02,34_1,9,thank,thank,VB,(VP*,_,_,_,_,_,Wrong_subj
wisteria02,34_1,10,God,God,NNP,(NP*),_,_,_,God,FP,Wrong_subj
wisteria02,34_1,11,there,there,EX,(SBAR(S(NP*),_,there,_,there,_,Wrong_subj
wisteria02,34_1,12,was,be,VBD,(VP*,_,was,_,was,_,Wrong_subj
wisteria02,34_1,13,no,no,DT,(NP*,no,_,_,_,_,Wrong_subj
wisteria02,34_1,14,one,one,NN,*),_,one,one,one,_,Wrong_subj
wisteria02,34_1,15,there,there,RB,(ADVP*))))),_,there,_,there,_,Wrong_subj
wisteria02,34_1,16,.,.,.,*,_,_,_,_,_,Wrong_subj
wisteria02,34_1,17,'','','',*),_,_,_,_,_,Wrong_subj
circle01,104_1,0,Do,Do,VBP,(SQ*,_,_,_,Do,FP,Sub_CL_only
circle01,104_1,1,you,you,PRP,(NP*),_,_,_,you,FP,Sub_CL_only
circle01,104_1,2,say,say,VB,(VP*,_,_,_,say,FP,Sub_CL_only
circle01,104_1,3,nothing,nothing,NN,(SBAR(S(NP*),nothing,_,_,_,_,Sub_CL_only
circle01,104_1,4,has,have,VBZ,(VP*,_,has,_,_,FN,Sub_CL_only
circle01,104_1,5,come,come,VBN,(VP*,_,come,_,_,FN,Sub_CL_only
circle01,104_1,6,out,out,IN,(PP*,_,out,_,_,FN,Sub_CL_only
circle01,104_1,7,of,of,IN,(PP*,_,of,_,_,FN,Sub_CL_only
circle01,104_1,8,that,that,DT,(NP(NP*,_,that,_,_,FN,Sub_CL_only
circle01,104_1,9,room,room,NN,*),_,room,_,_,FN,Sub_CL_only
circle01,104_1,10,--,--,:,*,_,_,_,_,_,Sub_CL_only
circle01,104_1,11,absolutely,absolutely,RB,(NP*,_,_,_,_,_,Sub_CL_only
circle01,104_1,12,nothing,nothing,NN,*))))))))),_,_,_,_,_,Sub_CL_only
circle01,104_1,13,?,?,.,*,_,_,_,_,_,Sub_CL_only
circle01,104_1,14,'','','',*),_,_,_,_,_,Sub_CL_only
circle01,299_1,0,There,There,EX,(S(S(NP*),_,There,_,_,FN,MN_WC
circle01,299_1,1,is,be,VBZ,(VP*,_,is,_,_,FN,MN_WC
circle01,299_1,2,neither,neither,DT,(NP(NP*,neither,_,_,_,_,MN_WC
circle01,299_1,3,money,money,NN,*,_,money,money,_,FN,MN_WC
circle01,299_1,4,nor,nor,CC,*,nor,_,_,_,_,MN_WC
circle01,299_1,5,credit,credit,NN,*),_,credit,credit,credit,_,MN_WC
circle01,299_1,6,in,in,IN,(PP*,_,_,_,in,FP,MN_WC
circle01,299_1,7,it,it,PRP,(NP*))))),_,_,_,it,FP,MN_WC
circle01,299_1,8,",",",",",",*,_,_,_,_,_,MN_WC
circle01,299_1,9,and,and,CC,*,_,_,_,_,_,MN_WC
circle01,299_1,10,yet,yet,RB,(S(ADVP*),_,_,_,_,_,MN_WC
circle01,299_1,11,one,one,PRP,(NP*),_,_,_,_,_,MN_WC
circle01,299_1,12,would,would,MD,(VP*,_,_,_,_,_,MN_WC
circle01,299_1,13,wish,wish,VB,(VP*,_,_,_,_,_,MN_WC
circle01,299_1,14,to,to,TO,(S(VP*,_,_,_,_,_,MN_WC
circle01,299_1,15,tidy,tidy,JJ,(VP*,_,_,_,_,_,MN_WC
circle01,299_1,16,it,it,PRP,(NP*),_,_,_,_,_,MN_WC
circle01,299_1,17,up,up,RP,(PRT*))))))),_,_,_,_,_,MN_WC
circle01,299_1,18,.,.,.,*),_,_,_,_,_,MN_WC
cardboard,400_1,0,I,I,PRP,(S(NP*),_,I,_,I,_,Diff_pred
cardboard,400_1,1,was,be,VBD,(VP*,_,was,_,was,_,Diff_pred
cardboard,400_1,2,impatient,impatient,JJ,(ADJP*,im,patient,patient,impatient,_,Diff_pred
cardboard,400_1,3,and,and,CC,*,_,_,_,and,FP,Diff_pred
cardboard,400_1,4,paced,pace,JJ,*),_,_,_,paced,FP,Diff_pred
cardboard,400_1,5,up,up,IN,(PP*,_,_,_,up,FP,Diff_pred
cardboard,400_1,6,and,and,CC,*,_,_,_,and,FP,Diff_pred
cardboard,400_1,7,down,down,IN,*,_,_,_,down,FP,Diff_pred
cardboard,400_1,8,the,the,DT,(NP*,_,_,_,the,FP,Diff_pred
cardboard,400_1,9,room,room,NN,*))),_,_,_,room,FP,Diff_pred
cardboard,400_1,10,.,.,.,*),_,_,_,_,_,Diff_pred
cardboard,490_1,0,For,For,IN,(SQ(SBAR*,_,_,_,For,FP,Int_NIS
cardboard,490_1,1,pity,pity,NN,(S(NP(NP*,_,_,_,pity,FP,Int_NIS
cardboard,490_1,2,'s,'s,POS,*),_,_,_,'s,FP,Int_NIS
cardboard,490_1,3,sake,sake,NN,*),_,_,_,sake,FP,Int_NIS
cardboard,490_1,4,do,do,VBP,(VP*,_,do,_,do,_,Int_NIS
cardboard,490_1,5,n't,n't,RB,*))),n't,_,_,_,_,Int_NIS
cardboard,490_1,6,",",",",",",*,_,_,_,_,_,Int_NIS
cardboard,490_1,7,and,and,CC,*,_,_,_,_,_,Int_NIS
cardboard,490_1,8,may,may,MD,*,_,_,_,_,_,Int_NIS
cardboard,490_1,9,you,you,PRP,(NP*),_,_,_,_,_,Int_NIS
cardboard,490_1,10,be,be,VB,(VP*,_,_,_,_,_,Int_NIS
cardboard,490_1,11,treated,treat,VBN,(VP*,_,_,_,_,_,Int_NIS
cardboard,490_1,12,in,in,IN,(PP*,_,_,_,_,_,Int_NIS
cardboard,490_1,13,your,your,PRP$,(NP(NP*,_,_,_,_,_,Int_NIS
cardboard,490_1,14,day,day,NN,*),_,_,_,_,_,Int_NIS
cardboard,490_1,15,of,of,IN,(PP*,_,_,_,_,_,Int_NIS
cardboard,490_1,16,agony,agony,NN,(NP*)))),_,_,_,_,_,Int_NIS
cardboard,490_1,17,as,as,IN,(SBAR*,_,_,_,_,_,Int_NIS
cardboard,490_1,18,you,you,PRP,(S(NP*),_,_,_,_,_,Int_NIS
cardboard,490_1,19,treat,treat,VBP,(VP*,_,_,_,_,_,Int_NIS
cardboard,490_1,20,me,me,PRP,(NP*),_,_,_,_,_,Int_NIS
cardboard,490_1,21,now,now,RB,(ADVP*)))))),_,_,_,_,_,Int_NIS
cardboard,490_1,22,.,.,.,*,_,_,_,_,_,Int_NIS
cardboard,490_1,23,',','',*),_,_,_,_,_,Int_NIS
cardboard,252_1,0,As,As,IN,(S(PP*,_,_,_,As,FP,PP_OOS
cardboard,252_1,1,her,her,PRP$,(NP*,_,_,_,her,FP,PP_OOS
cardboard,252_1,2,medical,medical,JJ,*,_,_,_,medical,FP,PP_OOS
cardboard,252_1,3,adviser,adviser,NN,*)),_,_,_,adviser,FP,PP_OOS
cardboard,252_1,4,",",",",",",*,_,_,_,",",FP,PP_OOS
cardboard,252_1,5,I,I,PRP,(NP*),_,I,_,I,_,PP_OOS
cardboard,252_1,6,can,can,MD,(VP*,_,can,can,can,_,PP_OOS
cardboard,252_1,7,not,not,RB,*,not,_,_,_,_,PP_OOS
cardboard,252_1,8,possibly,possibly,RB,(ADVP*),_,possibly,_,possibly,_,PP_OOS
cardboard,252_1,9,take,take,VB,(VP*,_,take,_,take,_,PP_OOS
cardboard,252_1,10,the,the,DT,(NP*,_,the,_,the,_,PP_OOS
cardboard,252_1,11,responsibility,responsibility,NN,*),_,responsibility,_,responsibility,_,PP_OOS
cardboard,252_1,12,of,of,IN,(PP*,_,of,_,of,_,PP_OOS
cardboard,252_1,13,allowing,allow,VBG,(S(VP*,_,allowing,_,allowing,_,PP_OOS
cardboard,252_1,14,anyone,anyone,NN,(S(NP*),_,anyone,_,anyone,_,PP_OOS
cardboard,252_1,15,to,to,TO,(VP*,_,to,_,to,_,PP_OOS
cardboard,252_1,16,see,see,VB,(VP*,_,see,_,see,_,PP_OOS
cardboard,252_1,17,her,her,PRP,(NP*))))))))),_,her,_,her,_,PP_OOS
cardboard,252_1,18,.,.,.,*),_,_,_,_,_,PP_OOS
wisteria02,309_1,0,``,``,``,(S*,_,_,_,_,_,MC_and_SC + Diff_pred
wisteria02,309_1,1,I,I,PRP,(NP*),_,_,_,_,_,MC_and_SC + Diff_pred
wisteria02,309_1,2,was,be,VBD,(VP*,_,_,_,_,_,MC_and_SC + Diff_pred
wisteria02,309_1,3,sure,sure,JJ,(ADJP*,_,_,_,_,_,MC_and_SC + Diff_pred
wisteria02,309_1,4,Henderson,Henderson,NNP,(SBAR(S(NP*),_,_,_,_,_,MC_and_SC + Diff_pred
wisteria02,309_1,5,",",",",",",*,_,_,_,_,_,MC_and_SC + Diff_pred
wisteria02,309_1,6,as,as,IN,(SBAR*,_,_,_,_,_,MC_and_SC + Diff_pred
wisteria02,309_1,7,he,he,PRP,(S(NP*),_,_,_,_,_,MC_and_SC + Diff_pred
wisteria02,309_1,8,calls,call,VBZ,(VP*,_,_,_,_,_,MC_and_SC + Diff_pred
wisteria02,309_1,9,himself,himself,PRP,(NP*)))),_,_,_,_,_,MC_and_SC + Diff_pred
wisteria02,309_1,10,",",",",",",*,_,_,_,_,_,MC_and_SC + Diff_pred
wisteria02,309_1,11,felt,feel,VBD,(VP*,_,_,_,_,_,MC_and_SC + Diff_pred
wisteria02,309_1,12,that,that,IN,(SBAR(SBAR*,_,_,_,_,_,MC_and_SC + Diff_pred
wisteria02,309_1,13,he,he,PRP,(S(NP*),_,_,_,_,_,MC_and_SC + Diff_pred
wisteria02,309_1,14,was,be,VBD,(VP*,_,_,_,_,_,MC_and_SC + Diff_pred
wisteria02,309_1,15,suspected,suspect,VBN,(VP*)))),_,_,_,_,_,MC_and_SC + Diff_pred
wisteria02,309_1,16,",",",",",",*,_,_,_,_,_,MC_and_SC + Diff_pred
wisteria02,309_1,17,and,and,CC,*,_,_,_,_,_,MC_and_SC + Diff_pred
wisteria02,309_1,18,that,that,IN,(SBAR*,_,_,_,_,_,MC_and_SC + Diff_pred
wisteria02,309_1,19,he,he,PRP,(S(NP*),_,he,_,he,_,MC_and_SC + Diff_pred
wisteria02,309_1,20,would,would,MD,(VP*,_,would,_,would,_,MC_and_SC + Diff_pred
wisteria02,309_1,21,lie,lie,VB,(VP(VP*,_,_,_,lie,FP,MC_and_SC + Diff_pred
wisteria02,309_1,22,low,low,JJ,(ADVP*)),_,_,_,low,FP,MC_and_SC + Diff_pred
wisteria02,309_1,23,and,and,CC,*,_,_,_,and,FP,MC_and_SC + Diff_pred
wisteria02,309_1,24,make,make,VB,(VP*,_,make,_,make,_,MC_and_SC + Diff_pred
wisteria02,309_1,25,no,no,DT,(NP*,no,_,_,_,_,MC_and_SC + Diff_pred
wisteria02,309_1,26,move,move,NN,*),_,move,_,move,_,MC_and_SC + Diff_pred
wisteria02,309_1,27,so,so,RB,(ADVP(ADVP*,_,so,_,so,_,MC_and_SC + Diff_pred
wisteria02,309_1,28,long,long,RB,*),_,long,_,long,_,MC_and_SC + Diff_pred
wisteria02,309_1,29,as,as,IN,(SBAR*,_,as,_,as,_,MC_and_SC + Diff_pred
wisteria02,309_1,30,he,he,PRP,(S(NP*),_,he,_,he,_,MC_and_SC + Diff_pred
wisteria02,309_1,31,thought,think,VBD,(VP*,_,thought,_,thought,_,MC_and_SC + Diff_pred
wisteria02,309_1,32,he,he,PRP,(SBAR(S(NP*),_,he,_,he,_,MC_and_SC + Diff_pred
wisteria02,309_1,33,was,be,VBD,(VP*,_,was,_,_,FN,MC_and_SC + Diff_pred
wisteria02,309_1,34,in,in,IN,(PP*,_,in,_,_,FN,MC_and_SC + Diff_pred
wisteria02,309_1,35,any,any,DT,(NP*,_,any,_,_,FN,MC_and_SC + Diff_pred
wisteria02,309_1,36,danger,danger,NN,*)))))))))))))))))))),_,danger,_,_,FN,MC_and_SC + Diff_pred
wisteria02,309_1,37,.,.,.,*),_,_,_,_,_,MC_and_SC + Diff_pred
wisteria01,218_1,0,It,It,PRP,(S(S(NP*),_,_,_,It,FP,Other_CL
wisteria01,218_1,1,is,be,VBZ,(VP*,_,_,_,is,FP,Other_CL
wisteria01,218_1,2,a,a,DT,(NP*,_,_,_,a,FP,Other_CL
wisteria01,218_1,3,lonely,lonely,JJ,*,_,_,_,_,_,Other_CL
wisteria01,218_1,4,corner,corner,NN,*))),_,_,_,_,_,Other_CL
wisteria01,218_1,5,",",",",",",*,_,_,_,_,_,Other_CL
wisteria01,218_1,6,and,and,CC,*,_,_,_,_,_,Other_CL
wisteria01,218_1,7,there,there,EX,(S(NP*),_,there,_,there,_,Other_CL
wisteria01,218_1,8,is,be,VBZ,(VP*,_,is,_,is,_,Other_CL
wisteria01,218_1,9,no,no,DT,(NP*,no,_,_,_,_,Other_CL
wisteria01,218_1,10,house,house,NN,*),_,house,house,house,_,Other_CL
wisteria01,218_1,11,within,within,IN,(PP*,_,within,_,within,_,Other_CL
wisteria01,218_1,12,a,a,DT,(NP(NP*,_,a,_,a,_,Other_CL
wisteria01,218_1,13,quarter,quarter,NN,*),_,quarter,_,quarter,_,Other_CL
wisteria01,218_1,14,of,of,IN,(PP*,_,of,_,of,_,Other_CL
wisteria01,218_1,15,a,a,DT,(NP(NP*,_,a,_,a,_,Other_CL
wisteria01,218_1,16,mile,mile,NN,*),_,mile,_,mile,_,Other_CL
wisteria01,218_1,17,of,of,IN,(PP*,_,of,_,of,_,Other_CL
wisteria01,218_1,18,the,the,DT,(NP*,_,the,_,the,_,Other_CL
wisteria01,218_1,19,spot,spot,NN,*)))))))),_,spot,_,spot,_,Other_CL
wisteria01,218_1,20,.,.,.,*),_,_,_,_,_,Other_CL
wisteria02,212_1,0,His,His,PRP$,(S(NP(NP*,_,His,_,_,FN,Aff_skipped
wisteria02,212_1,1,friend,friend,NN,*,_,friend,_,_,FN,Aff_skipped
wisteria02,212_1,2,and,and,CC,*,_,and,_,_,FN,Aff_skipped
wisteria02,212_1,3,secretary,secretary,NN,*),_,secretary,_,_,FN,Aff_skipped
wisteria02,212_1,4,",",",",",",*,_,",",_,_,FN,Aff_skipped
wisteria02,212_1,5,Mr.,Mr.,NNP,(NP*,_,Mr.,_,_,FN,Aff_skipped
wisteria02,212_1,6,Lucas,Lucas,NNP,*),_,Lucas,_,_,FN,Aff_skipped
wisteria02,212_1,7,",",",",",",*),_,",",_,_,FN,Aff_skipped
wisteria02,212_1,8,is,be,VBZ,(VP*,_,is,_,_,FN,Aff_skipped
wisteria02,212_1,9,undoubtedly,undoubtedly,RB,(ADVP*),un,doubtedly,doubtedly,_,FN,Aff_skipped
wisteria02,212_1,10,a,a,DT,(NP(NP*,_,a,_,_,FN,Aff_skipped
wisteria02,212_1,11,foreigner,foreigner,NN,*),_,foreigner,_,_,FN,Aff_skipped
wisteria02,212_1,12,",",",",",",*,_,_,_,_,_,Aff_skipped
wisteria02,212_1,13,chocolate,chocolate,NN,(ADJP*,_,_,_,_,_,Aff_skipped
wisteria02,212_1,14,brown,brown,JJ,*,_,_,_,_,_,Aff_skipped
wisteria02,212_1,15,",",",",",",*,_,_,_,_,_,Aff_skipped
wisteria02,212_1,16,wily,wily,JJ,*,_,_,_,_,_,Aff_skipped
wisteria02,212_1,17,",",",",",",*,_,_,_,_,_,Aff_skipped
wisteria02,212_1,18,suave,suave,JJ,*,_,_,_,_,_,Aff_skipped
wisteria02,212_1,19,",",",",",",*,_,_,_,_,_,Aff_skipped
wisteria02,212_1,20,and,and,CC,*,_,_,_,_,_,Aff_skipped
wisteria02,212_1,21,catlike,catlike,JJ,*,_,_,_,_,_,Aff_skipped
wisteria02,212_1,22,",",",",",",*,_,_,_,_,_,Aff_skipped
wisteria02,212_1,23,with,with,IN,(PP*,_,_,_,_,_,Aff_skipped
wisteria02,212_1,24,a,a,DT,(NP(NP*,_,_,_,_,_,Aff_skipped
wisteria02,212_1,25,poisonous,poisonous,JJ,*,_,_,_,_,_,Aff_skipped
wisteria02,212_1,26,gentleness,gentleness,NN,*),_,_,_,_,_,Aff_skipped
wisteria02,212_1,27,of,of,IN,(PP*,_,_,_,_,_,Aff_skipped
wisteria02,212_1,28,speech,speech,NN,(NP*))))))),_,_,_,_,_,Aff_skipped
wisteria02,212_1,29,.,.,.,*),_,_,_,_,_,Aff_skipped
circle02,114_1,0,``,``,``,(S*,_,_,_,_,_,Pred_exp_OOS
circle02,114_1,1,Your,Your,PRP$,(NP*,_,Your,_,Your,_,Pred_exp_OOS
circle02,114_1,2,cipher,cipher,NNP,*),_,cipher,_,cipher,_,Pred_exp_OOS
circle02,114_1,3,was,be,VBD,(VP*,_,was,_,was,_,Pred_exp_OOS
circle02,114_1,4,not,not,RB,*,not,_,_,_,_,Pred_exp_OOS
circle02,114_1,5,difficult,difficult,JJ,(ADJP*),_,difficult,difficult,_,FN,Pred_exp_OOS
circle02,114_1,6,",",",",",",*,_,_,_,_,_,Pred_exp_OOS
circle02,114_1,7,madam,madam,UH,(INTJ*)),_,_,_,_,_,Pred_exp_OOS
circle02,114_1,8,.,.,.,*),_,_,_,_,_,Pred_exp_OOS
wisteria02,365_1,0,They,They,PRP,(S(NP*),_,_,_,_,_,Pred_exp_OOS
wisteria02,365_1,1,banded,band,VBN,(VP*,_,_,_,_,_,Pred_exp_OOS
wisteria02,365_1,2,themselves,themselves,PRP,(NP*),_,_,_,_,_,Pred_exp_OOS
wisteria02,365_1,3,into,into,IN,(PP*,_,_,_,_,_,Pred_exp_OOS
wisteria02,365_1,4,a,a,DT,(NP(NP*,_,_,_,_,_,Pred_exp_OOS
wisteria02,365_1,5,society,society,NN,*),_,_,_,_,_,Pred_exp_OOS
wisteria02,365_1,6,which,which,WDT,(SBAR(WHNP*),_,which,_,which,_,Pred_exp_OOS
wisteria02,365_1,7,should,should,MD,(S(VP*,_,should,_,should,_,Pred_exp_OOS
wisteria02,365_1,8,never,never,RB,(ADVP*),never,_,_,_,_,Pred_exp_OOS
wisteria02,365_1,9,be,be,VB,(VP*,_,be,_,be,_,Pred_exp_OOS
wisteria02,365_1,10,dissolved,dissolve,VBN,(VP*,_,dissolved,_,dissolved,_,Pred_exp_OOS
wisteria02,365_1,11,until,until,IN,(SBAR*,_,until,_,until,_,Pred_exp_OOS
wisteria02,365_1,12,the,the,DT,(S(NP*,_,the,_,the,_,Pred_exp_OOS
wisteria02,365_1,13,work,work,NN,*),_,work,_,work,_,Pred_exp_OOS
wisteria02,365_1,14,was,be,VBD,(VP*,_,was,_,was,_,Pred_exp_OOS
wisteria02,365_1,15,done,do,VBN,(VP*)))))))))))),_,done,_,_,FN,Pred_exp_OOS
wisteria02,365_1,16,.,.,.,*),_,_,_,_,_,Pred_exp_OOS
cardboard,201_1,0,``,``,``,(SINV*,_,_,_,_,_,Adv_v
cardboard,201_1,1,Oh,Oh,UH,(S(INTJ*),_,_,_,_,_,Adv_v
cardboard,201_1,2,",",",",",",*,_,_,_,_,_,Adv_v
cardboard,201_1,3,I,I,PRP,(NP*),_,_,_,_,_,Adv_v
cardboard,201_1,4,am,be,VBP,(VP*,_,_,_,_,_,Adv_v
cardboard,201_1,5,weary,weary,JJ,(ADJP*,_,_,_,_,_,Adv_v
cardboard,201_1,6,of,of,IN,(PP*,_,_,_,_,_,Adv_v
cardboard,201_1,7,questions,question,NNS,(NP*))))),_,_,_,_,_,Adv_v
cardboard,201_1,8,!,!,.,*,_,_,_,_,_,Adv_v
cardboard,201_1,9,'','','',*,_,_,_,_,_,Adv_v
cardboard,201_1,10,cried,cry,VBD,(VP*),_,cried,_,_,FN,Adv_v
cardboard,201_1,11,Miss,Miss,NNP,(NP(NP*,_,Miss,_,_,FN,Adv_v
cardboard,201_1,12,Cushing,Cushing,NNP,*),_,Cushing,_,_,FN,Adv_v
cardboard,201_1,13,impatiently,impatiently,RB,(ADVP*)),im,patiently,patiently,_,FN,Adv_v
cardboard,201_1,14,.,.,.,*),_,_,_,_,_,Adv_v
cardboard,41_1,0,Your,Your,PRP$,(S(NP*,_,_,_,_,_,Adj_to_clause
cardboard,41_1,1,eyes,eye,NNS,*),_,_,_,_,_,Adj_to_clause
cardboard,41_1,2,flashed,flash,VBN,(VP*,_,_,_,_,_,Adj_to_clause
cardboard,41_1,3,across,across,RP,(PRT*),_,_,_,_,_,Adj_to_clause
cardboard,41_1,4,to,to,TO,(PP*,_,_,_,_,_,Adj_to_clause
cardboard,41_1,5,the,the,DT,(NP(NP*,_,the,_,the,_,Adj_to_clause
cardboard,41_1,6,unframed,unframed,JJ,*,un,framed,framed,unframed,_,Adj_to_clause
cardboard,41_1,7,portrait,portrait,NN,*),_,portrait,_,portrait,_,Adj_to_clause
cardboard,41_1,8,of,of,IN,(PP*,_,of,_,of,_,Adj_to_clause
cardboard,41_1,9,Henry,Henry,NNP,(NP*,_,Henry,_,Henry,_,Adj_to_clause
cardboard,41_1,10,Ward,Ward,NNP,*,_,Ward,_,Ward,_,Adj_to_clause
cardboard,41_1,11,Beecher,Beecher,NNP,*)),_,Beecher,_,Beecher,_,Adj_to_clause
cardboard,41_1,12,which,which,WDT,(SBAR(WHNP*),_,which,_,_,FN,Adj_to_clause
cardboard,41_1,13,stands,stand,VBZ,(S(VP*,_,stands,_,_,FN,Adj_to_clause
cardboard,41_1,14,upon,upon,IN,(PP*,_,upon,_,_,FN,Adj_to_clause
cardboard,41_1,15,the,the,DT,(NP(NP*,_,the,_,_,FN,Adj_to_clause
cardboard,41_1,16,top,top,NN,*),_,top,_,_,FN,Adj_to_clause
cardboard,41_1,17,of,of,IN,(PP*,_,of,_,_,FN,Adj_to_clause
cardboard,41_1,18,your,your,PRP$,(NP*,_,your,_,_,FN,Adj_to_clause
cardboard,41_1,19,books,book,NNS,*)))))))))),_,books,_,_,FN,Adj_to_clause
cardboard,41_1,20,.,.,.,*),_,_,_,_,_,Adj_to_clause
wisteria01,145_1,0,There,There,EX,(S(NP*),_,There,_,There,_,Pred_exp_OOS
wisteria01,145_1,1,was,be,VBD,(VP*,_,was,_,was,_,Pred_exp_OOS
wisteria01,145_1,2,no,no,DT,(NP*,no,_,_,_,_,Pred_exp_OOS
wisteria01,145_1,3,answer,answer,NN,*)),_,answer,answer,_,FN,Pred_exp_OOS
wisteria01,145_1,4,.,.,.,*),_,_,_,_,_,Pred_exp_OOS
wisteria02,264_1,0,There,There,EX,(S(NP*),_,There,_,There,_,No_pattern
wisteria02,264_1,1,is,be,VBZ,(VP*,_,is,_,is,_,No_pattern
wisteria02,264_1,2,nothing,nothing,NN,(NP(NP*),nothing,_,_,_,_,No_pattern
wisteria02,264_1,3,upon,upon,IN,(SBAR(WHPP*,_,upon,_,upon,_,No_pattern
wisteria02,264_1,4,which,which,WDT,(WHNP*)),_,which,_,which,_,No_pattern
wisteria02,264_1,5,we,we,PRP,(S(NP*),_,we,_,we,_,No_pattern
wisteria02,264_1,6,can,can,MD,(VP*,_,can,can,can,_,No_pattern
wisteria02,264_1,7,apply,apply,VB,(VP*,_,apply,_,apply,_,No_pattern
wisteria02,264_1,8,for,for,IN,(PP*,_,for,_,for,_,No_pattern
wisteria02,264_1,9,a,a,DT,(NP*,_,a,_,a,_,No_pattern
wisteria02,264_1,10,warrant,warrant,NN,*)))))))),_,warrant,_,_,FN,No_pattern
wisteria02,264_1,11,.,.,.,*),_,_,_,_,_,No_pattern
wisteria01,60_1,0,Our,Our,PRP$,(S(NP*,_,_,_,_,_,Pro_aff_miss
wisteria01,60_1,1,client,client,NN,*),_,_,_,_,_,Pro_aff_miss
wisteria01,60_1,2,looked,look,VBD,(VP*,_,_,_,_,_,Pro_aff_miss
wisteria01,60_1,3,down,down,RB,(ADVP*),_,_,_,_,_,Pro_aff_miss
wisteria01,60_1,4,with,with,IN,(PP*,_,_,_,_,_,Pro_aff_miss
wisteria01,60_1,5,a,a,DT,(NP(NP*,_,_,_,_,_,Pro_aff_miss
wisteria01,60_1,6,rueful,rueful,JJ,*,_,_,_,_,_,Pro_aff_miss
wisteria01,60_1,7,face,face,NN,*),_,_,_,_,_,Pro_aff_miss
wisteria01,60_1,8,at,at,IN,(PP*,_,_,_,_,_,Pro_aff_miss
wisteria01,60_1,9,his,his,PRP$,(NP*,_,his,_,_,FN,Pro_aff_miss
wisteria01,60_1,10,own,own,JJ,*,_,own,_,_,FN,Pro_aff_miss
wisteria01,60_1,11,unconventional,unconventional,JJ,*,un,conventional,conventional,unconventional,_,Pro_aff_miss
wisteria01,60_1,12,appearance,appearance,NN,*))))),_,appearance,_,appearance,_,Pro_aff_miss
wisteria01,60_1,13,.,.,.,*),_,_,_,_,_,Pro_aff_miss
cardboard,322_1,0,This,This,DT,(S(NP*,_,_,_,_,_,Aff_skipped
cardboard,322_1,1,quarrel,quarrel,VB,*),_,_,_,_,_,Aff_skipped
cardboard,322_1,2,had,have,VBD,(VP*,_,_,_,_,_,Aff_skipped
cardboard,322_1,3,put,put,VBN,(VP*,_,_,_,_,_,Aff_skipped
cardboard,322_1,4,a,a,DT,(NP*,_,_,_,_,_,Aff_skipped
cardboard,322_1,5,stop,stop,NN,*),_,_,_,_,_,Aff_skipped
cardboard,322_1,6,to,to,TO,(PP*,_,_,_,_,_,Aff_skipped
cardboard,322_1,7,all,all,DT,(NP(NP*,_,_,_,_,_,Aff_skipped
cardboard,322_1,8,communications,communication,NNS,*),_,_,_,_,_,Aff_skipped
cardboard,322_1,9,for,for,IN,(PP*,_,_,_,_,_,Aff_skipped
cardboard,322_1,10,some,some,DT,(NP*,_,_,_,_,_,Aff_skipped
cardboard,322_1,11,months,month,NNS,*)))),_,_,_,_,_,Aff_skipped
cardboard,322_1,12,",",",",",",*,_,_,_,_,_,Aff_skipped
cardboard,322_1,13,so,so,RB,(SBAR*,_,_,_,_,_,Aff_skipped
cardboard,322_1,14,that,that,IN,*,_,_,_,_,_,Aff_skipped
cardboard,322_1,15,if,if,IN,(S(SBAR*,_,_,_,_,_,Aff_skipped
cardboard,322_1,16,Browner,Browner,NNP,(S(NP*),_,_,_,_,_,Aff_skipped
cardboard,322_1,17,had,have,VBD,(VP*,_,_,_,_,_,Aff_skipped
cardboard,322_1,18,occasion,occasion,VB,(VP*,_,_,_,_,_,Aff_skipped
cardboard,322_1,19,to,to,TO,(S(VP*,_,_,_,_,_,Aff_skipped
cardboard,322_1,20,address,address,VB,(VP*,_,_,_,_,_,Aff_skipped
cardboard,322_1,21,a,a,DT,(NP(NP*,_,_,_,_,_,Aff_skipped
cardboard,322_1,22,packet,packet,NN,*),_,_,_,_,_,Aff_skipped
cardboard,322_1,23,to,to,TO,(PP*,_,_,_,_,_,Aff_skipped
cardboard,322_1,24,Miss,Miss,NNP,(NP*,_,_,_,_,_,Aff_skipped
cardboard,322_1,25,Sarah,Sarah,NNP,*)))))))))),_,_,_,_,_,Aff_skipped
cardboard,322_1,26,",",",",",",*,_,_,_,_,_,Aff_skipped
cardboard,322_1,27,he,he,PRP,(NP*),_,_,_,_,_,Aff_skipped
cardboard,322_1,28,would,would,MD,(VP*,_,_,_,_,_,Aff_skipped
cardboard,322_1,29,undoubtedly,undoubtedly,RB,(ADVP*),un,doubtedly,doubtedly,_,FN,Aff_skipped
cardboard,322_1,30,have,have,VB,(VP*,_,_,_,_,_,Aff_skipped
cardboard,322_1,31,done,do,VBN,(VP*,_,_,_,_,_,Aff_skipped
cardboard,322_1,32,so,so,RB,(ADVP*),_,_,_,_,_,Aff_skipped
cardboard,322_1,33,to,to,TO,(PP*,_,_,_,_,_,Aff_skipped
cardboard,322_1,34,her,her,PRP$,(NP*,_,_,_,_,_,Aff_skipped
cardboard,322_1,35,old,old,JJ,*,_,_,_,_,_,Aff_skipped
cardboard,322_1,36,address,address,NN,*))))))))),_,_,_,_,_,Aff_skipped
cardboard,322_1,37,.,.,.,*),_,_,_,_,_,Aff_skipped
circle02,133_1,0,``,``,``,(S*,_,_,_,_,_,MC_and_SC
circle02,133_1,1,He,He,PRP,(S(NP*),_,_,_,_,_,MC_and_SC
circle02,133_1,2,was,be,VBD,(VP*,_,_,_,_,_,MC_and_SC
circle02,133_1,3,a,a,DT,(NP(NP*,_,_,_,_,_,MC_and_SC
circle02,133_1,4,devil,devil,NN,*),_,_,_,_,_,MC_and_SC
circle02,133_1,5,and,and,CC,*,_,_,_,_,_,MC_and_SC
circle02,133_1,6,a,a,DT,(NP*,_,_,_,_,_,MC_and_SC
circle02,133_1,7,monster,monster,NN,*)))),_,_,_,_,_,MC_and_SC
circle02,133_1,8,",",",",",",*,_,_,_,_,_,MC_and_SC
circle02,133_1,9,and,and,CC,*,_,_,_,_,_,MC_and_SC
circle02,133_1,10,there,there,EX,(S(NP*),_,there,_,there,_,MC_and_SC
circle02,133_1,11,can,can,MD,(VP*,_,can,can,can,_,MC_and_SC
circle02,133_1,12,be,be,VB,(VP*,_,be,_,be,_,MC_and_SC
circle02,133_1,13,no,no,DT,(NP(NP*,no,_,_,_,_,MC_and_SC
circle02,133_1,14,judge,judge,NN,*),_,judge,_,judge,_,MC_and_SC
circle02,133_1,15,in,in,IN,(PP*,_,in,_,in,_,MC_and_SC
circle02,133_1,16,the,the,DT,(NP*,_,the,_,the,_,MC_and_SC
circle02,133_1,17,world,world,NN,*)),_,world,_,world,_,MC_and_SC
circle02,133_1,18,who,who,WP,(SBAR(WHNP*),_,who,_,who,_,MC_and_SC
circle02,133_1,19,would,would,MD,(S(VP*,_,would,_,would,_,MC_and_SC
circle02,133_1,20,punish,punish,VB,(VP*,_,punish,_,punish,_,MC_and_SC
circle02,133_1,21,my,my,PRP$,(NP*,_,my,_,my,_,MC_and_SC
circle02,133_1,22,husband,husband,NN,*),_,husband,_,husband,_,MC_and_SC
circle02,133_1,23,for,for,IN,(PP*,_,for,_,_,FN,MC_and_SC
circle02,133_1,24,having,have,VBG,(S(VP*,_,having,_,_,FN,MC_and_SC
circle02,133_1,25,killed,kill,VBD,(VP*,_,killed,_,_,FN,MC_and_SC
circle02,133_1,26,him,him,PRP,(NP*))))))))))))),_,him,_,_,FN,MC_and_SC
circle02,133_1,27,.,.,.,*,_,_,_,_,_,MC_and_SC
circle02,133_1,28,'','','',*),_,_,_,_,_,MC_and_SC
wisteria02,146_1,0,``,``,``,(S*,_,_,_,_,_,MC_and_SC
wisteria02,146_1,1,I,I,PRP,(S(NP*),_,_,_,_,_,MC_and_SC
wisteria02,146_1,2,have,have,VBP,(VP*,_,_,_,_,_,MC_and_SC
wisteria02,146_1,3,looked,look,VBN,(VP*,_,_,_,_,_,MC_and_SC
wisteria02,146_1,4,into,into,IN,(PP*,_,_,_,_,_,MC_and_SC
wisteria02,146_1,5,this,this,DT,(NP*,_,_,_,_,_,MC_and_SC
wisteria02,146_1,6,case,case,NN,*)),_,_,_,_,_,MC_and_SC
wisteria02,146_1,7,with,with,IN,(PP*,_,_,_,_,_,MC_and_SC
wisteria02,146_1,8,some,some,DT,(NP*,_,_,_,_,_,MC_and_SC
wisteria02,146_1,9,care,care,NN,*))))),_,_,_,_,_,MC_and_SC
wisteria02,146_1,10,",",",",",",*,_,_,_,_,_,MC_and_SC
wisteria02,146_1,11,and,and,CC,*,_,_,_,_,_,MC_and_SC
wisteria02,146_1,12,I,I,PRP,(S(NP*),_,I,_,_,FN,MC_and_SC
wisteria02,146_1,13,am,be,VBP,(VP*,_,am,_,_,FN,MC_and_SC
wisteria02,146_1,14,not,not,RB,*,not,_,_,_,_,MC_and_SC
wisteria02,146_1,15,convinced,convinced,VBN,(ADJP*,_,convinced,convinced,convinced,_,MC_and_SC
wisteria02,146_1,16,that,that,IN,(SBAR*,_,that,_,that,_,MC_and_SC
wisteria02,146_1,17,you,you,PRP,(S(NP*),_,you,_,you,_,MC_and_SC
wisteria02,146_1,18,are,be,VBP,(VP*,_,are,_,are,_,MC_and_SC
wisteria02,146_1,19,on,on,IN,(PP*,_,on,_,on,_,MC_and_SC
wisteria02,146_1,20,the,the,DT,(NP*,_,the,_,the,_,MC_and_SC
wisteria02,146_1,21,right,right,JJ,*,_,right,_,right,_,MC_and_SC
wisteria02,146_1,22,lines,line,NNS,*)))))))),_,lines,_,lines,_,MC_and_SC
wisteria02,146_1,23,.,.,.,*),_,_,_,_,_,MC_and_SC
circle02,131_1,0,But,But,CC,(S*,_,_,_,_,_,Pred_exp_OOS
circle02,131_1,1,if,if,IN,(SBAR*,_,_,_,_,_,Pred_exp_OOS
circle02,131_1,2,you,you,PRP,(S(NP*),_,_,_,_,_,Pred_exp_OOS
circle02,131_1,3,think,think,VBP,(VP*,_,_,_,_,_,Pred_exp_OOS
circle02,131_1,4,that,that,IN,(SBAR*,_,_,_,_,_,Pred_exp_OOS
circle02,131_1,5,he,he,PRP,(S(NP*),_,_,_,_,_,Pred_exp_OOS
circle02,131_1,6,has,have,VBZ,(VP*,_,_,_,_,_,Pred_exp_OOS
circle02,131_1,7,acted,act,VBN,(VP*,_,_,_,_,_,Pred_exp_OOS
circle02,131_1,8,from,from,IN,(PP*,_,_,_,_,_,Pred_exp_OOS
circle02,131_1,9,motives,motive,NNS,(NP*)),_,_,_,_,_,Pred_exp_OOS
circle02,131_1,10,which,which,WDT,(SBAR(SBAR(WHNP*),_,which,_,which,_,Pred_exp_OOS
circle02,131_1,11,are,be,VBP,(S(VP*,_,are,_,are,_,Pred_exp_OOS
circle02,131_1,12,not,not,RB,*,not,_,_,_,_,Pred_exp_OOS
circle02,131_1,13,criminal,criminal,JJ,(ADJP*)))),_,criminal,_,_,FN,Pred_exp_OOS
circle02,131_1,14,",",",",",",*,_,_,_,_,_,Pred_exp_OOS
circle02,131_1,15,and,and,CC,*,_,_,_,_,_,Pred_exp_OOS
circle02,131_1,16,which,which,WDT,(SBAR(WHNP*),_,_,_,_,_,Pred_exp_OOS
circle02,131_1,17,he,he,PRP,(S(NP*),_,_,_,_,_,Pred_exp_OOS
circle02,131_1,18,would,would,MD,(VP*,_,_,_,_,_,Pred_exp_OOS
circle02,131_1,19,wish,wish,VB,(VP*,_,_,_,_,_,Pred_exp_OOS
circle02,131_1,20,to,to,TO,(S(VP*,_,_,_,_,_,Pred_exp_OOS
circle02,131_1,21,have,have,VB,(VP*,_,_,_,_,_,Pred_exp_OOS
circle02,131_1,22,known,know,VBN,(ADJP*)))))))))))))))),_,_,_,_,_,Pred_exp_OOS
circle02,131_1,23,",",",",",",*,_,_,_,_,_,Pred_exp_OOS
circle02,131_1,24,then,then,RB,(ADVP*),_,_,_,_,_,Pred_exp_OOS
circle02,131_1,25,you,you,PRP,(NP*),_,_,_,_,_,Pred_exp_OOS
circle02,131_1,26,can,can,MD,(VP*,_,_,_,_,_,Pred_exp_OOS
circle02,131_1,27,not,not,RB,*,_,_,_,_,_,Pred_exp_OOS
circle02,131_1,28,serve,serve,VB,(VP*,_,_,_,_,_,Pred_exp_OOS
circle02,131_1,29,him,him,PRP,(NP*),_,_,_,_,_,Pred_exp_OOS
circle02,131_1,30,better,good,RBR,(ADVP(ADVP*),_,_,_,_,_,Pred_exp_OOS
circle02,131_1,31,than,than,IN,(PP*,_,_,_,_,_,Pred_exp_OOS
circle02,131_1,32,by,by,IN,(PP*,_,_,_,_,_,Pred_exp_OOS
circle02,131_1,33,telling,tell,VBG,(S(VP*,_,_,_,_,_,Pred_exp_OOS
circle02,131_1,34,us,us,PRP,(NP*),_,_,_,_,_,Pred_exp_OOS
circle02,131_1,35,the,the,DT,(NP*,_,_,_,_,_,Pred_exp_OOS
circle02,131_1,36,whole,whole,JJ,*,_,_,_,_,_,Pred_exp_OOS
circle02,131_1,37,story,story,NN,*)))))))),_,_,_,_,_,Pred_exp_OOS
circle02,131_1,38,.,.,.,*,_,_,_,_,_,Pred_exp_OOS
circle02,131_1,39,'','','',*),_,_,_,_,_,Pred_exp_OOS
circle01,126_2,0,You,You,PRP,(S(S(NP*),_,_,_,_,_,Adj_to_clause
circle01,126_2,1,have,have,VBP,(VP*,_,_,_,_,_,Adj_to_clause
circle01,126_2,2,received,receive,VBN,(VP*,_,_,_,_,_,Adj_to_clause
circle01,126_2,3,your,your,PRP$,(NP*,_,_,_,_,_,Adj_to_clause
circle01,126_2,4,rent,rent,NN,*)))),_,_,_,_,_,Adj_to_clause
circle01,126_2,5,",",",",",",*,_,_,_,_,_,Adj_to_clause
circle01,126_2,6,and,and,CC,*,_,_,_,_,_,Adj_to_clause
circle01,126_2,7,he,he,PRP,(S(NP*),_,_,_,_,_,Adj_to_clause
circle01,126_2,8,is,be,VBZ,(VP*,_,_,_,_,_,Adj_to_clause
circle01,126_2,9,not,not,RB,*,_,_,_,_,_,Adj_to_clause
circle01,126_2,10,a,a,DT,(NP*,_,_,_,_,_,Adj_to_clause
circle01,126_2,11,troublesome,troublesome,JJ,*,_,_,_,_,_,Adj_to_clause
circle01,126_2,12,lodger,lodger,NN,*),_,_,_,_,_,Adj_to_clause
circle01,126_2,13,",",",",",",*,_,_,_,_,_,Adj_to_clause
circle01,126_2,14,though,though,IN,(SBAR*,_,_,_,_,_,Adj_to_clause
circle01,126_2,15,he,he,PRP,(S(NP*),_,he,_,_,FN,Adj_to_clause
circle01,126_2,16,is,be,VBZ,(VP*,_,is,_,_,FN,Adj_to_clause
circle01,126_2,17,certainly,certainly,RB,(ADVP*),_,_,_,_,_,Adj_to_clause
circle01,126_2,18,an,an,DT,(NP*,_,an,_,an,_,Adj_to_clause
circle01,126_2,19,unusual,unusual,JJ,*,un,usual,usual,unusual,_,Adj_to_clause
circle01,126_2,20,one,one,CD,*)))))),_,one,_,one,_,Adj_to_clause
circle01,126_2,21,.,.,.,*),_,_,_,_,_,Adj_to_clause
wisteria01,248_2,0,``,``,``,(SINV*,_,_,_,_,_,Aff_skipped
wisteria01,248_2,1,Remarkable,Remarkable,JJ,(S(UCP(ADJP*),_,_,_,_,_,Aff_skipped
wisteria01,248_2,2,",",",",",",*,_,_,_,_,_,Aff_skipped
wisteria01,248_2,3,but,but,CC,*,_,_,_,_,_,Aff_skipped
wisteria01,248_2,4,by,by,IN,(PP*,_,_,_,_,_,Aff_skipped
wisteria01,248_2,5,no,no,DT,(NP(NP*,_,_,_,_,_,Aff_skipped
wisteria01,248_2,6,means,mean,NNS,*),_,_,_,_,_,Aff_skipped
wisteria01,248_2,7,impossible,impossible,JJ,(ADJP*))))),im,possible,possible,_,FN,Aff_skipped
wisteria01,248_2,8,",",",",",",*,_,_,_,_,_,Aff_skipped
wisteria01,248_2,9,'','','',*,_,_,_,_,_,Aff_skipped
wisteria01,248_2,10,said,say,VBD,(VP*),_,_,_,_,_,Aff_skipped
wisteria01,248_2,11,Holmes,Holmes,NNP,(NP(NP*),_,_,_,_,_,Aff_skipped
wisteria01,248_2,12,",",",",",",*,_,_,_,_,_,Aff_skipped
wisteria01,248_2,13,smiling,smile,VBG,(NP*)),_,_,_,_,_,Aff_skipped
wisteria01,248_2,14,.,.,.,*),_,_,_,_,_,Aff_skipped
wisteria01,95_1,0,I,I,PRP,(S(NP*),_,_,_,_,_,Wrong_subj
wisteria01,95_1,1,think,think,VBP,(VP*,_,_,_,_,_,Wrong_subj
wisteria01,95_1,2,",",",",",",*,_,_,_,_,_,Wrong_subj
wisteria01,95_1,3,Watson,Watson,NNP,(NP*),_,_,_,_,_,Wrong_subj
wisteria01,95_1,4,",",",",",",*,_,_,_,_,_,Wrong_subj
wisteria01,95_1,5,a,a,DT,(SBAR(S(NP*,_,a,_,_,FN,Wrong_subj
wisteria01,95_1,6,brandy,brandy,NN,*,_,brandy,_,_,FN,Wrong_subj
wisteria01,95_1,7,and,and,CC,*,_,and,_,_,FN,Wrong_subj
wisteria01,95_1,8,soda,soda,NN,*),_,soda,_,soda,_,Wrong_subj
wisteria01,95_1,9,would,would,MD,(VP*,_,would,_,would,_,Wrong_subj
wisteria01,95_1,10,do,do,VB,(VP*,_,do,_,do,_,Wrong_subj
wisteria01,95_1,11,him,him,PRP,(NP*),_,him,_,him,_,Wrong_subj
wisteria01,95_1,12,no,no,DT,(NP*,no,_,_,_,_,Wrong_subj
wisteria01,95_1,13,harm,harm,NN,*)))))),_,harm,_,harm,_,Wrong_subj
wisteria01,95_1,14,.,.,.,*),_,_,_,_,_,Wrong_subj
circle02,40_1,0,``,``,``,(S*,_,_,_,_,_,No_pattern
circle02,40_1,1,I,I,PRP,(S(NP*),_,_,_,_,_,No_pattern
circle02,40_1,2,expect,expect,VBP,(VP*,_,_,_,_,_,No_pattern
circle02,40_1,3,",",",",",",*,_,_,_,_,_,No_pattern
circle02,40_1,4,as,as,IN,(PP*,_,_,_,_,_,No_pattern
circle02,40_1,5,usual,usual,JJ,(ADJP*)))),_,_,_,_,_,No_pattern
circle02,40_1,6,",",",",",",*,_,_,_,_,_,No_pattern
circle02,40_1,7,he,he,PRP,(NP*),_,_,_,_,_,No_pattern
circle02,40_1,8,knows,know,VBZ,(VP*,_,_,_,_,_,No_pattern
circle02,40_1,9,a,a,DT,(NP*,_,_,_,_,_,No_pattern
circle02,40_1,10,good,good,JJ,*,_,_,_,_,_,No_pattern
circle02,40_1,11,deal,deal,NN,*,_,_,_,_,_,No_pattern
circle02,40_1,12,that,that,IN,(SBAR*,_,that,_,_,FN,No_pattern
circle02,40_1,13,we,we,PRP,(S(NP*),_,we,_,we,_,No_pattern
circle02,40_1,14,do,do,VBP,(VP*,_,do,_,do,_,No_pattern
circle02,40_1,15,n't,n't,RB,*))))),n't,_,_,_,_,No_pattern
circle02,40_1,16,.,.,.,*,_,_,_,_,_,No_pattern
circle02,40_1,17,'','','',*),_,_,_,_,_,No_pattern
wisteria02,393_1,0,I,I,PRP,(S(NP*),_,I,_,I,_,PP_skipped
wisteria02,393_1,1,have,have,VBP,(VP*,_,have,have,have,_,PP_skipped
wisteria02,393_1,2,no,no,DT,(NP*,no,_,_,_,_,PP_skipped
wisteria02,393_1,3,doubt,doubt,NN,*,_,doubt,_,doubt,_,PP_skipped
wisteria02,393_1,4,that,that,IN,(SBAR*,_,that,_,that,_,PP_skipped
wisteria02,393_1,5,there,there,EX,(S(NP*),_,there,_,there,_,PP_skipped
wisteria02,393_1,6,were,be,VBD,(VP*,_,were,_,were,_,PP_skipped
wisteria02,393_1,7,times,time,NNS,(NP(NP*),_,times,_,times,_,PP_skipped
wisteria02,393_1,8,when,when,WRB,(SBAR(WHADVP*),_,when,_,when,_,PP_skipped
wisteria02,393_1,9,my,my,PRP$,(S(NP*,_,my,_,my,_,PP_skipped
wisteria02,393_1,10,life,life,NN,*),_,life,_,life,_,PP_skipped
wisteria02,393_1,11,hung,hung,VBN,(VP*,_,hung,_,hung,_,PP_skipped
wisteria02,393_1,12,in,in,IN,(PP*,_,in,_,_,FN,PP_skipped
wisteria02,393_1,13,the,the,DT,(NP*,_,the,_,_,FN,PP_skipped
wisteria02,393_1,14,balance,balance,NN,*))))))))))),_,balance,_,_,FN,PP_skipped
wisteria02,393_1,15,.,.,.,*),_,_,_,_,_,PP_skipped
wisteria02,420_1,0,``,``,``,(S*,_,_,_,_,_,PP_skipped
wisteria02,420_1,1,It,It,PRP,(NP*),_,It,_,It,_,PP_skipped
wisteria02,420_1,2,will,will,MD,(VP*,_,will,_,will,_,PP_skipped
wisteria02,420_1,3,not,not,RB,*,not,_,_,_,_,PP_skipped
wisteria02,420_1,4,be,be,VB,(VP*,_,be,_,be,_,PP_skipped
wisteria02,420_1,5,possible,possible,JJ,(ADJP*),_,possible,_,possible,_,PP_skipped
wisteria02,420_1,6,for,for,IN,(SBAR*,_,for,_,for,_,PP_skipped
wisteria02,420_1,7,you,you,PRP,(S(NP*),_,you,_,you,_,PP_skipped
wisteria02,420_1,8,to,to,TO,(VP*,_,to,_,to,_,PP_skipped
wisteria02,420_1,9,present,present,VB,(VP*,_,present,_,present,_,PP_skipped
wisteria02,420_1,10,in,in,IN,(PP*,_,in,_,in,_,PP_skipped
wisteria02,420_1,11,that,that,DT,(NP(NP*,_,that,_,that,_,PP_skipped
wisteria02,420_1,12,compact,compact,JJ,*,_,compact,_,compact,_,PP_skipped
wisteria02,420_1,13,form,form,NN,*),_,form,_,form,_,PP_skipped
wisteria02,420_1,14,which,which,WDT,(SBAR(WHNP*),_,which,_,which,_,PP_skipped
wisteria02,420_1,15,is,be,VBZ,(S(VP*,_,is,_,is,_,PP_skipped
wisteria02,420_1,16,dear,dear,RB,(ADJP*,_,dear,_,dear,_,PP_skipped
wisteria02,420_1,17,to,to,TO,(PP*,_,to,_,_,FN,PP_skipped
wisteria02,420_1,18,your,your,PRP$,(NP*,_,your,_,_,FN,PP_skipped
wisteria02,420_1,19,heart,heart,NN,*)))))))))))))),_,heart,_,_,FN,PP_skipped
wisteria02,420_1,20,.,.,.,*),_,_,_,_,_,PP_skipped
cardboard,199_1,0,I,I,PRP,(S(S(NP*),_,_,_,_,_,PP_skipped
cardboard,199_1,1,stared,star,VBD,(VP*,_,_,_,_,_,PP_skipped
cardboard,199_1,2,hard,hard,RB,(ADVP*),_,_,_,_,_,PP_skipped
cardboard,199_1,3,myself,myself,PRP,(NP*),_,_,_,_,_,PP_skipped
cardboard,199_1,4,at,at,IN,(PP*,_,_,_,_,_,PP_skipped
cardboard,199_1,5,her,her,PRP$,(NP(NP*,_,_,_,_,_,PP_skipped
cardboard,199_1,6,flat,flat,JJ,*,_,_,_,_,_,PP_skipped
cardboard,199_1,7,",",",",",",*,_,_,_,_,_,PP_skipped
cardboard,199_1,8,grizzled,grizzled,JJ,*,_,_,_,_,_,PP_skipped
cardboard,199_1,9,hair,hair,NN,*),_,_,_,_,_,PP_skipped
cardboard,199_1,10,",",",",",",*,_,_,_,_,_,PP_skipped
cardboard,199_1,11,her,her,PRP$,(NP*,_,_,_,_,_,PP_skipped
cardboard,199_1,12,trim,trim,JJ,*,_,_,_,_,_,PP_skipped
cardboard,199_1,13,cap,cap,NN,*),_,_,_,_,_,PP_skipped
cardboard,199_1,14,",",",",",",*,_,_,_,_,_,PP_skipped
cardboard,199_1,15,her,her,PRP$,(NP*,_,_,_,_,_,PP_skipped
cardboard,199_1,16,little,little,JJ,*,_,_,_,_,_,PP_skipped
cardboard,199_1,17,gilt,gilt,NN,*,_,_,_,_,_,PP_skipped
cardboard,199_1,18,earrings,earring,NNS,*),_,_,_,_,_,PP_skipped
cardboard,199_1,19,",",",",",",*,_,_,_,_,_,PP_skipped
cardboard,199_1,20,her,her,PRP$,(NP*,_,_,_,_,_,PP_skipped
cardboard,199_1,21,placid,placid,JJ,*,_,_,_,_,_,PP_skipped
cardboard,199_1,22,features,feature,NNS,*))))),_,_,_,_,_,PP_skipped
cardboard,199_1,23,;,;,:,*,_,_,_,_,_,PP_skipped
cardboard,199_1,24,but,but,CC,*,_,_,_,_,_,PP_skipped
cardboard,199_1,25,I,I,PRP,(S(NP*),_,I,_,I,_,PP_skipped
cardboard,199_1,26,could,could,MD,(VP*,_,could,could,could,_,PP_skipped
cardboard,199_1,27,see,see,VB,(VP*,_,see,_,see,_,PP_skipped
cardboard,199_1,28,nothing,nothing,NN,(NP(NP*),nothing,_,_,_,_,PP_skipped
cardboard,199_1,29,which,which,WDT,(SBAR(WHNP*),_,which,_,which,_,PP_skipped
cardboard,199_1,30,could,could,MD,(S(VP*,_,could,_,could,_,PP_skipped
cardboard,199_1,31,account,account,VB,(VP*,_,account,_,account,_,PP_skipped
cardboard,199_1,32,for,for,IN,(PP*,_,for,_,for,_,PP_skipped
cardboard,199_1,33,my,my,PRP$,(NP(NP*,_,my,_,my,_,PP_skipped
cardboard,199_1,34,companion,companion,NN,*,_,companion,_,companion,_,PP_skipped
cardboard,199_1,35,'s,'s,POS,*),_,'s,_,_,FN,PP_skipped
cardboard,199_1,36,evident,evident,JJ,*,_,evident,_,_,FN,PP_skipped
cardboard,199_1,37,excitement,excitement,NN,*)))))))))),_,excitement,_,_,FN,PP_skipped
cardboard,199_1,38,.,.,.,*),_,_,_,_,_,PP_skipped
cardboard,247_1,0,Our,Our,PRP$,(S(NP*,_,_,_,_,_,MC_and_SC
cardboard,247_1,1,drive,drive,NN,*),_,_,_,_,_,MC_and_SC
cardboard,247_1,2,pulled,pull,VBD,(VP*,_,_,_,_,_,MC_and_SC
cardboard,247_1,3,up,up,RP,(PRT*),_,_,_,_,_,MC_and_SC
cardboard,247_1,4,at,at,IN,(PP*,_,_,_,_,_,MC_and_SC
cardboard,247_1,5,a,a,DT,(NP(NP*,_,_,_,_,_,MC_and_SC
cardboard,247_1,6,house,house,NN,*),_,_,_,_,_,MC_and_SC
cardboard,247_1,7,which,which,WDT,(SBAR(WHNP*),_,which,_,_,FN,MC_and_SC
cardboard,247_1,8,was,be,VBD,(S(VP*,_,was,_,_,FN,MC_and_SC
cardboard,247_1,9,not,not,RB,*,_,_,_,_,_,MC_and_SC
cardboard,247_1,10,unlike,unlike,IN,(PP*,un,like,like,_,FN,MC_and_SC
cardboard,247_1,11,the,the,DT,(NP(NP*,_,the,_,the,_,MC_and_SC
cardboard,247_1,12,one,one,NN,*),_,one,_,one,_,MC_and_SC
cardboard,247_1,13,which,which,WDT,(SBAR(WHNP*),_,which,_,which,_,MC_and_SC
cardboard,247_1,14,we,we,PRP,(S(NP*),_,we,_,we,_,MC_and_SC
cardboard,247_1,15,had,have,VBD,(VP*,_,had,_,had,_,MC_and_SC
cardboard,247_1,16,just,just,RB,(ADVP*),_,just,_,_,FN,MC_and_SC
cardboard,247_1,17,quitted,quit,VBN,(VP*)))))))))))),_,quitted,_,_,FN,MC_and_SC
cardboard,247_1,18,.,.,.,*),_,_,_,_,_,MC_and_SC
wisteria01,167_1,0,The,The,DT,(S(NP*,_,The,_,The,_,No_pattern
wisteria01,167_1,1,man,man,NN,*),_,man,_,man,_,No_pattern
wisteria01,167_1,2,was,be,VBD,(VP*,_,was,_,was,_,No_pattern
wisteria01,167_1,3,unknown,unknown,JJ,(ADJP*),un,known,known,unknown,_,No_pattern
wisteria01,167_1,4,there,there,RB,(ADVP*)),_,there,_,_,FN,No_pattern
wisteria01,167_1,5,.,.,.,*),_,_,_,_,_,No_pattern
wisteria02,211_1,0,He,He,PRP,(S(NP*),_,_,_,_,_,Adj_to_clause
wisteria02,211_1,1,is,be,VBZ,(VP(VP*,_,_,_,_,_,Adj_to_clause
wisteria02,211_1,2,either,either,RB,*,_,_,_,_,_,Adj_to_clause
wisteria02,211_1,3,a,a,DT,(NP*,_,_,_,_,_,Adj_to_clause
wisteria02,211_1,4,foreigner,foreigner,NN,*)),_,_,_,_,_,Adj_to_clause
wisteria02,211_1,5,or,or,CC,*,_,_,_,_,_,Adj_to_clause
wisteria02,211_1,6,has,have,VBZ,(VP*,_,_,_,_,_,Adj_to_clause
wisteria02,211_1,7,lived,live,VBN,(VP*,_,_,_,_,_,Adj_to_clause
wisteria02,211_1,8,long,long,RB,(ADVP*),_,_,_,_,_,Adj_to_clause
wisteria02,211_1,9,in,in,IN,(PP*,_,_,_,_,_,Adj_to_clause
wisteria02,211_1,10,the,the,DT,(NP*,_,_,_,_,_,Adj_to_clause
wisteria02,211_1,11,tropics,tropic,NN,*)),_,_,_,_,_,Adj_to_clause
wisteria02,211_1,12,",",",",",",*,_,_,_,_,_,Adj_to_clause
wisteria02,211_1,13,for,for,IN,(SBAR*,_,_,_,_,_,Adj_to_clause
wisteria02,211_1,14,he,he,PRP,(S(NP*),_,he,_,_,FN,Adj_to_clause
wisteria02,211_1,15,is,be,VBZ,(VP*,_,is,_,_,FN,Adj_to_clause
wisteria02,211_1,16,yellow,yellow,JJ,(ADJP(ADJP*,_,_,_,_,_,Adj_to_clause
wisteria02,211_1,17,and,and,CC,*,_,_,_,_,_,Adj_to_clause
wisteria02,211_1,18,sapless,sapless,JJ,*),less,sap,sap,sapless,_,Adj_to_clause
wisteria02,211_1,19,",",",",",",*,_,_,_,_,_,Adj_to_clause
wisteria02,211_1,20,but,but,CC,*,_,_,_,_,_,Adj_to_clause
wisteria02,211_1,21,tough,tough,JJ,(ADJP*),_,_,_,_,_,Adj_to_clause
wisteria02,211_1,22,as,as,RB,(ADVP*,_,_,_,_,_,Adj_to_clause
wisteria02,211_1,23,whipcord,whipcord,RB,*)))))))),_,_,_,_,_,Adj_to_clause
wisteria02,211_1,24,.,.,.,*),_,_,_,_,_,Adj_to_clause
wisteria02,232_1,0,There,There,EX,(S(NP*),_,There,_,There,_,MC_and_SC
wisteria02,232_1,1,'s,',VBZ,(VP*,_,'s,_,'s,_,MC_and_SC
wisteria02,232_1,2,no,no,DT,(NP(NP*,no,_,_,_,_,MC_and_SC
wisteria02,232_1,3,link,link,NN,*),_,link,link,link,_,MC_and_SC
wisteria02,232_1,4,between,between,IN,(PP*,_,between,_,between,_,MC_and_SC
wisteria02,232_1,5,the,the,DT,(NP(NP*,_,the,_,the,_,MC_and_SC
wisteria02,232_1,6,two,two,CD,*),_,two,_,two,_,MC_and_SC
wisteria02,232_1,7,save,save,IN,(PP*,_,save,_,save,_,MC_and_SC
wisteria02,232_1,8,for,for,IN,(PP*,_,for,_,for,_,MC_and_SC
wisteria02,232_1,9,Henderson,Henderson,NNP,(NP(NP*,_,Henderson,_,Henderson,_,MC_and_SC
wisteria02,232_1,10,'s,'s,POS,*),_,'s,_,'s,_,MC_and_SC
wisteria02,232_1,11,own,own,JJ,*,_,own,_,own,_,MC_and_SC
wisteria02,232_1,12,servant,servant,NN,*))),_,servant,_,servant,_,MC_and_SC
wisteria02,232_1,13,",",",",",",*,_,",",_,_,FN,MC_and_SC
wisteria02,232_1,14,who,who,WP,(SBAR(WHNP*),_,who,_,_,FN,MC_and_SC
wisteria02,232_1,15,serves,serve,VBZ,(S(VP*,_,serves,_,_,FN,MC_and_SC
wisteria02,232_1,16,the,the,DT,(NP(NP*,_,the,_,_,FN,MC_and_SC
wisteria02,232_1,17,family,family,NN,*,_,family,_,_,FN,MC_and_SC
wisteria02,232_1,18,'s,'s,POS,*),_,'s,_,_,FN,MC_and_SC
wisteria02,232_1,19,meals,meal,NNS,*)))))))),_,meals,_,_,FN,MC_and_SC
wisteria02,232_1,20,.,.,.,*),_,_,_,_,_,MC_and_SC
circle01,219_1,0,Money,Money,NN,(S(NP*),_,Money,_,Money,_,Pred_exp_OOS
circle01,219_1,1,'s,'s,POS,(VP*,_,'s,'s,'s,_,Pred_exp_OOS
circle01,219_1,2,not,not,RB,*,not,_,_,_,_,Pred_exp_OOS
circle01,219_1,3,everything,everything,NN,(NP*)),_,everything,_,_,FN,Pred_exp_OOS
circle01,219_1,4,.,.,.,*),_,_,_,_,_,Pred_exp_OOS
cardboard,7_1,0,For,For,IN,(S(PP*,_,_,_,_,_,No_pattern
cardboard,7_1,1,myself,myself,PRP,(NP*)),_,_,_,_,_,No_pattern
cardboard,7_1,2,",",",",",",*,_,_,_,_,_,No_pattern
cardboard,7_1,3,my,my,PRP$,(S(NP(NP*,_,_,_,_,_,No_pattern
cardboard,7_1,4,term,term,NN,*),_,_,_,_,_,No_pattern
cardboard,7_1,5,of,of,IN,(PP*,_,_,_,_,_,No_pattern
cardboard,7_1,6,service,service,NN,(NP(NP*),_,_,_,_,_,No_pattern
cardboard,7_1,7,in,in,IN,(PP*,_,_,_,_,_,No_pattern
cardboard,7_1,8,India,India,NNP,(NP*))))),_,_,_,_,_,No_pattern
cardboard,7_1,9,had,have,VBD,(VP*,_,_,_,_,_,No_pattern
cardboard,7_1,10,trained,train,VBN,(VP*,_,_,_,_,_,No_pattern
cardboard,7_1,11,me,me,PRP,(NP*),_,_,_,_,_,No_pattern
cardboard,7_1,12,to,to,TO,(S(VP*,_,_,_,_,_,No_pattern
cardboard,7_1,13,stand,stand,VB,(VP*,_,_,_,_,_,No_pattern
cardboard,7_1,14,heat,heat,NN,(NP*),_,_,_,_,_,No_pattern
cardboard,7_1,15,better,well,JJR,(ADVP*,_,_,_,_,_,No_pattern
cardboard,7_1,16,than,than,IN,*,_,_,_,_,_,No_pattern
cardboard,7_1,17,cold,cold,JJ,*))))))),_,_,_,_,_,No_pattern
cardboard,7_1,18,",",",",",",*,_,_,_,_,_,No_pattern
cardboard,7_1,19,and,and,CC,*,_,_,_,_,_,No_pattern
cardboard,7_1,20,a,a,DT,(S(NP(NP*,_,a,_,_,FN,No_pattern
cardboard,7_1,21,thermometer,thermometer,NNP,*),_,thermometer,_,thermometer,_,No_pattern
cardboard,7_1,22,at,at,IN,(PP*,_,at,_,at,_,No_pattern
cardboard,7_1,23,ninety,ninety,CD,(NP*))),_,ninety,_,ninety,_,No_pattern
cardboard,7_1,24,was,be,VBD,(VP*,_,was,_,was,_,No_pattern
cardboard,7_1,25,no,no,DT,(NP*,no,_,_,_,_,No_pattern
cardboard,7_1,26,hardship,hardship,NN,*))),_,hardship,hardship,hardship,_,No_pattern
cardboard,7_1,27,.,.,.,*),_,_,_,_,_,No_pattern
